student_id,first_name,last_name,email,phone,department,enrollment_date,status,course_name,course_code,credits,grade,score,semester,academic_year
STU202710000,Aiman,Hassan,aiman.hassan0@university.edu.my,0169942510,Software Engineering,2025-01-10,Active,Data Structures,CS2102,3,B,86,Semester 2,2026
STU202710001,Adam,Chong,adam.chong1@university.edu.my,0135461138,Business Information Systems,2025-01-10,Active,Web Development,IT2202,4,B+,89,Semester 1,2026
STU202710002,Farhana,Ali,farhana.ali2@university.edu.my,0119652400,Cyber Security,2025-01-10,Active,Artificial Intelligence,CS3501,3,C+,77,Semester 2,2025
STU202710003,Amir,Hashim,amir.hashim3@university.edu.my,0192697215,Cyber Security,2025-01-10,Active,Web Development,IT2202,4,A,95,Semester 1,2025
STU202710004,Jason,Chong,jason.chong4@university.edu.my,0183290731,Computer Science,2025-01-10,Graduated,Web Development,IT2202,3,A,95,Semester 1,2025
STU202710005,Hanis,Yusof,hanis.yusof5@university.edu.my,0133701776,Cyber Security,2025-01-10,Active,Computer Networks,IT2301,4,B,85,Semester 1,2026
STU202710006,Ahmad,Zulkifli,ahmad.zulkifli6@university.edu.my,0127835891,Cyber Security,2025-01-10,Active,Cloud Computing,IT3301,3,A-,91,Semester 1,2025
STU202710007,Aisyah,Latif,aisyah.latif7@university.edu.my,0173468126,Computer Science,2025-01-10,Active,Software Engineering,SE2201,3,A-,92,Semester 1,2025
STU202710008,Aiman,Hamid,aiman.hamid8@university.edu.my,0117598557,Business Information Systems,2025-01-10,Active,Cloud Computing,IT3301,3,C+,76,Semester 2,2026
STU202710009,Kevin,Ali,kevin.ali9@university.edu.my,0163965862,Computer Science,2025-01-10,Active,Cloud Computing,IT3301,3,B+,88,Semester 2,2026
STU202710010,Farid,Chong,farid.chong10@university.edu.my,0116273462,Software Engineering,2025-01-10,Graduated,Software Engineering,SE2201,4,B-,79,Semester 2,2025
STU202710011,Hanis,Yusof,hanis.yusof11@university.edu.my,0122497355,Software Engineering,2025-01-10,Active,Network Security,CS3301,4,A,94,Semester 1,2026
STU202710012,Aisyah,Saleh,aisyah.saleh12@university.edu.my,0134332879,Cyber Security,2025-01-10,Graduated,Computer Networks,IT2301,3,A,96,Semester 1,2026
STU202710013,Sarah,Mahmud,sarah.mahmud13@university.edu.my,0179380672,Software Engineering,2025-01-10,Graduated,Machine Learning,CS4501,4,B,83,Semester 1,2026
STU202710014,Faizal,Lim,faizal.lim14@university.edu.my,0108486515,Business Information Systems,2025-01-10,Graduated,Web Development,IT2202,3,B,83,Semester 1,2026
STU202710015,Farhana,Latif,farhana.latif15@university.edu.my,0189857095,Information Technology,2025-01-10,Graduated,Machine Learning,CS4501,4,B+,87,Semester 2,2025
STU202710016,Daniel,Zulkifli,daniel.zulkifli16@university.edu.my,0182718664,Computer Science,2025-01-10,Active,Database Systems,CS2201,4,A,93,Semester 1,2025
STU202710017,Hafiz,Saleh,hafiz.saleh17@university.edu.my,0142104637,Business Information Systems,2025-01-10,Active,Machine Learning,CS4501,3,C+,75,Semester 2,2026
STU202710018,Sarah,Wong,sarah.wong18@university.edu.my,0128876456,Cyber Security,2025-01-10,Active,Computer Networks,IT2301,4,B,84,Semester 1,2025
STU202710019,Nadia,Hassan,nadia.hassan19@university.edu.my,0176444159,Business Information Systems,2025-01-10,Active,Web Development,IT2202,3,C+,78,Semester 2,2026
STU202710020,Ahmad,Zulkifli,ahmad.zulkifli20@university.edu.my,0191792951,Computer Science,2025-01-10,Active,Digital Forensics,CS4401,4,A-,90,Semester 2,2025
STU202710021,Ahmad,Rahman,ahmad.rahman21@university.edu.my,0187578306,Computer Science,2025-01-10,Graduated,Network Security,CS3301,3,B,84,Semester 1,2026
STU202710022,Ahmad,Osman,ahmad.osman22@university.edu.my,0148589539,Cyber Security,2025-01-10,Active,Machine Learning,CS4501,3,C+,77,Semester 1,2025
STU202710023,Alicia,Lim,alicia.lim23@university.edu.my,0107561268,Information Technology,2025-01-10,Active,Computer Networks,IT2301,3,C+,77,Semester 2,2025
STU202710024,Nurin,Mahmud,nurin.mahmud24@university.edu.my,0131009492,Business Information Systems,2025-01-10,Graduated,Cloud Computing,IT3301,4,B+,86,Semester 1,2025
STU202710025,Hanis,Rahman,hanis.rahman25@university.edu.my,0155816327,Business Information Systems,2025-01-10,Active,Software Engineering,SE2201,4,B-,81,Semester 2,2026
STU202710026,Nurul,Latif,nurul.latif26@university.edu.my,0105016375,Software Engineering,2025-01-10,Active,Machine Learning,CS4501,4,B-,81,Semester 2,2026
STU202710027,Nadia,Mahmud,nadia.mahmud27@university.edu.my,0107362637,Information Technology,2025-01-10,Graduated,Machine Learning,CS4501,3,B,86,Semester 2,2026
STU202710028,Faizal,Hassan,faizal.hassan28@university.edu.my,0134812009,Business Information Systems,2025-01-10,Active,Cloud Computing,IT3301,3,B+,87,Semester 2,2026
STU202710029,Melissa,Yusof,melissa.yusof29@university.edu.my,0133593158,Business Information Systems,2025-01-10,Active,Database Systems,CS2201,3,B,84,Semester 2,2025
STU202710030,Nurul,Tan,nurul.tan30@university.edu.my,0148511568,Computer Science,2025-01-10,Active,Cloud Computing,IT3301,3,B-,82,Semester 1,2026
STU202710031,Daniel,Lim,daniel.lim31@university.edu.my,0101055259,Cyber Security,2025-01-10,Active,Cloud Computing,IT3301,3,B+,88,Semester 2,2026
STU202710032,Adam,Hassan,adam.hassan32@university.edu.my,0109992753,Business Information Systems,2025-01-10,Active,Computer Networks,IT2301,3,A,95,Semester 2,2025
STU202710033,Hanis,Karim,hanis.karim33@university.edu.my,0141279254,Business Information Systems,2025-01-10,Active,Artificial Intelligence,CS3501,4,B-,78,Semester 2,2026
STU202710034,Sarah,Karim,sarah.karim34@university.edu.my,0125780624,Cyber Security,2025-01-10,Active,Computer Networks,IT2301,4,C+,74,Semester 2,2026
STU202710035,Siti,Teoh,siti.teoh35@university.edu.my,0149963210,Cyber Security,2025-01-10,Graduated,Database Systems,CS2201,3,A-,89,Semester 1,2025
STU202710036,Aisyah,Chong,aisyah.chong36@university.edu.my,0158728559,Business Information Systems,2025-01-10,Graduated,Network Security,CS3301,4,B+,88,Semester 2,2025
STU202710037,Melissa,Hashim,melissa.hashim37@university.edu.my,0177838546,Information Technology,2025-01-10,Active,Web Development,IT2202,4,B-,78,Semester 1,2026
STU202710038,Jason,Rahman,jason.rahman38@university.edu.my,0101359679,Software Engineering,2025-01-10,Active,Data Structures,CS2102,3,B,82,Semester 2,2026
STU202710039,Farid,Chong,farid.chong39@university.edu.my,0114413965,Business Information Systems,2025-01-10,Active,Computer Networks,IT2301,4,B,85,Semester 2,2025
STU202710040,Sarah,Lim,sarah.lim40@university.edu.my,0104327125,Computer Science,2025-01-10,Graduated,Web Development,IT2202,3,B-,80,Semester 1,2026
STU202710041,Jason,Zulkifli,jason.zulkifli41@university.edu.my,0175062759,Information Technology,2025-01-10,Active,Artificial Intelligence,CS3501,4,B-,80,Semester 1,2025
STU202710042,Melissa,Lee,melissa.lee42@university.edu.my,0189056489,Business Information Systems,2025-01-10,Active,Cloud Computing,IT3301,4,B-,78,Semester 2,2025
STU202710043,Amir,Rahman,amir.rahman43@university.edu.my,0101575050,Cyber Security,2025-01-10,Active,Artificial Intelligence,CS3501,3,A,94,Semester 1,2026
STU202710044,Nurin,Hashim,nurin.hashim44@university.edu.my,0142563564,Business Information Systems,2025-01-10,Active,Data Structures,CS2102,3,B+,88,Semester 2,2026
STU202710045,Nadia,Lim,nadia.lim45@university.edu.my,0133076740,Software Engineering,2025-01-10,Active,Cloud Computing,IT3301,4,C+,75,Semester 2,2025
STU202710046,Hafiz,Yusof,hafiz.yusof46@university.edu.my,0128385080,Information Technology,2025-01-10,Active,Software Engineering,SE2201,3,A-,91,Semester 2,2026
STU202710047,Daniel,Zulkifli,daniel.zulkifli47@university.edu.my,0166081677,Cyber Security,2025-01-10,Active,Database Systems,CS2201,4,B+,88,Semester 2,2026
STU202710048,Ahmad,Yusof,ahmad.yusof48@university.edu.my,0191944707,Cyber Security,2025-01-10,Active,Computer Networks,IT2301,4,C+,75,Semester 1,2025
STU202710049,Siti,Lim,siti.lim49@university.edu.my,0114591605,Cyber Security,2025-01-10,Active,Machine Learning,CS4501,3,B,85,Semester 1,2026
STU202710050,Siti,Karim,siti.karim50@university.edu.my,0185930910,Cyber Security,2025-01-10,Active,Data Structures,CS2102,3,C+,78,Semester 1,2026
STU202710051,Farid,Zulkifli,farid.zulkifli51@university.edu.my,0112677291,Information Technology,2025-01-10,Active,Artificial Intelligence,CS3501,3,A,96,Semester 1,2025
STU202710052,Farhana,Hassan,farhana.hassan52@university.edu.my,0185076494,Business Information Systems,2025-01-10,Graduated,Cloud Computing,IT3301,4,B+,86,Semester 2,2025
STU202710053,Jason,Lim,jason.lim53@university.edu.my,0189551753,Computer Science,2025-01-10,Graduated,Web Development,IT2202,4,B,85,Semester 1,2026
STU202710054,Sarah,Wong,sarah.wong54@university.edu.my,0107808830,Business Information Systems,2025-01-10,Active,Cloud Computing,IT3301,3,C+,77,Semester 2,2026
STU202710055,Hanis,Lee,hanis.lee55@university.edu.my,0101177357,Business Information Systems,2025-01-10,Graduated,Database Systems,CS2201,4,A,96,Semester 1,2026
STU202710056,Alicia,Jaafar,alicia.jaafar56@university.edu.my,0134383622,Business Information Systems,2025-01-10,Active,Software Engineering,SE2201,4,A,96,Semester 1,2026
STU202710057,Farhana,Tan,farhana.tan57@university.edu.my,0144289572,Computer Science,2025-01-10,Active,Web Development,IT2202,3,C+,78,Semester 2,2026
STU202710058,Faizal,Wong,faizal.wong58@university.edu.my,0125616025,Software Engineering,2025-01-10,Active,Artificial Intelligence,CS3501,3,A,93,Semester 1,2026
STU202710059,Alicia,Wong,alicia.wong59@university.edu.my,0187789094,Computer Science,2025-01-10,Active,Network Security,CS3301,3,A-,91,Semester 1,2025
STU202710060,Hafiz,Ali,hafiz.ali60@university.edu.my,0183970272,Business Information Systems,2025-01-10,Active,Web Development,IT2202,4,A-,89,Semester 2,2025
STU202710061,Nadia,Yusof,nadia.yusof61@university.edu.my,0186195142,Computer Science,2025-01-10,Active,Digital Forensics,CS4401,3,A-,89,Semester 2,2025
STU202710062,Melissa,Hamid,melissa.hamid62@university.edu.my,0182965560,Cyber Security,2025-01-10,Active,Data Structures,CS2102,3,B,83,Semester 2,2025
STU202710063,Hafiz,Saleh,hafiz.saleh63@university.edu.my,0178929635,Cyber Security,2025-01-10,Active,Database Systems,CS2201,4,B-,80,Semester 2,2026
STU202710064,Farid,Latif,farid.latif64@university.edu.my,0121027241,Computer Science,2025-01-10,Active,Data Structures,CS2102,4,C+,75,Semester 2,2025
STU202710065,Nadia,Hamid,nadia.hamid65@university.edu.my,0157969866,Cyber Security,2025-01-10,Active,Network Security,CS3301,3,C+,78,Semester 1,2025
STU202710066,Sarah,Rahman,sarah.rahman66@university.edu.my,0154891823,Computer Science,2025-01-10,Graduated,Database Systems,CS2201,3,B,85,Semester 1,2025
STU202710067,Alicia,Lee,alicia.lee67@university.edu.my,0127564317,Software Engineering,2025-01-10,Active,Digital Forensics,CS4401,4,B-,81,Semester 1,2025
STU202710068,Melissa,Mahmud,melissa.mahmud68@university.edu.my,0154111536,Business Information Systems,2025-01-10,Active,Machine Learning,CS4501,3,C+,77,Semester 2,2025
STU202710069,Kevin,Tan,kevin.tan69@university.edu.my,0135841277,Information Technology,2025-01-10,Active,Computer Networks,IT2301,4,C+,77,Semester 1,2026
STU202710070,Adam,Chong,adam.chong70@university.edu.my,0175482594,Computer Science,2025-01-10,Active,Digital Forensics,CS4401,4,A-,90,Semester 2,2026
STU202710071,Nurin,Hassan,nurin.hassan71@university.edu.my,0131435323,Business Information Systems,2025-01-10,Active,Computer Networks,IT2301,3,A,94,Semester 1,2026
STU202710072,Alicia,Ismail,alicia.ismail72@university.edu.my,0183924153,Software Engineering,2025-01-10,Active,Machine Learning,CS4501,3,A-,92,Semester 1,2025
STU202710073,Sarah,Yusof,sarah.yusof73@university.edu.my,0158732187,Information Technology,2025-01-10,Active,Data Structures,CS2102,4,B+,87,Semester 1,2025
STU202710074,Hanis,Karim,hanis.karim74@university.edu.my,0136916061,Cyber Security,2025-01-10,Active,Network Security,CS3301,3,C+,74,Semester 2,2026
STU202710075,Farhana,Jaafar,farhana.jaafar75@university.edu.my,0148473467,Business Information Systems,2025-01-10,Active,Machine Learning,CS4501,3,B-,81,Semester 2,2025
STU202710076,Ahmad,Zulkifli,ahmad.zulkifli76@university.edu.my,0172384447,Software Engineering,2025-01-10,Graduated,Computer Networks,IT2301,3,B-,81,Semester 2,2026
STU202710077,Aisyah,Rahman,aisyah.rahman77@university.edu.my,0197026417,Cyber Security,2025-01-10,Graduated,Network Security,CS3301,4,C+,75,Semester 2,2026
STU202710078,Adam,Wong,adam.wong78@university.edu.my,0191046288,Software Engineering,2025-01-10,Graduated,Database Systems,CS2201,3,B+,89,Semester 1,2026
STU202710079,Aisyah,Hassan,aisyah.hassan79@university.edu.my,0155637106,Computer Science,2025-01-10,Active,Computer Networks,IT2301,3,B+,89,Semester 1,2026
STU202710080,Hanis,Zulkifli,hanis.zulkifli80@university.edu.my,0127311778,Business Information Systems,2025-01-10,Active,Data Structures,CS2102,3,B,85,Semester 2,2026
STU202710081,Alicia,Yusof,alicia.yusof81@university.edu.my,0152368098,Business Information Systems,2025-01-10,Active,Digital Forensics,CS4401,4,A,96,Semester 2,2025
STU202710082,Jason,Rahman,jason.rahman82@university.edu.my,0144558582,Business Information Systems,2025-01-10,Active,Data Structures,CS2102,3,C+,76,Semester 2,2026
STU202710083,Jason,Lee,jason.lee83@university.edu.my,0107631226,Business Information Systems,2025-01-10,Active,Machine Learning,CS4501,3,B+,90,Semester 1,2026
STU202710084,Aisyah,Hashim,aisyah.hashim84@university.edu.my,0181591373,Computer Science,2025-01-10,Active,Digital Forensics,CS4401,4,B-,80,Semester 2,2025
STU202710085,Daniel,Yusof,daniel.yusof85@university.edu.my,0147121554,Business Information Systems,2025-01-10,Active,Computer Networks,IT2301,4,A-,89,Semester 2,2026
STU202710086,Sarah,Chong,sarah.chong86@university.edu.my,0193314317,Computer Science,2025-01-10,Graduated,Cloud Computing,IT3301,3,C+,75,Semester 1,2025
STU202710087,Nurin,Ali,nurin.ali87@university.edu.my,0161712733,Business Information Systems,2025-01-10,Graduated,Network Security,CS3301,3,B-,81,Semester 2,2026
STU202710088,Jason,Jaafar,jason.jaafar88@university.edu.my,0105711942,Information Technology,2025-01-10,Active,Artificial Intelligence,CS3501,3,A-,90,Semester 1,2026
STU202710089,Ahmad,Teoh,ahmad.teoh89@university.edu.my,0103665601,Software Engineering,2025-01-10,Active,Database Systems,CS2201,4,B-,82,Semester 2,2025
STU202710090,Farid,Karim,farid.karim90@university.edu.my,0129209215,Cyber Security,2025-01-10,Active,Database Systems,CS2201,4,B+,86,Semester 1,2026
STU202710091,Amir,Wong,amir.wong91@university.edu.my,0133593772,Cyber Security,2025-01-10,Graduated,Digital Forensics,CS4401,3,C+,75,Semester 1,2026
STU202710092,Kevin,Ismail,kevin.ismail92@university.edu.my,0136289566,Software Engineering,2025-01-10,Active,Network Security,CS3301,3,B-,82,Semester 1,2026
STU202710093,Daniel,Lee,daniel.lee93@university.edu.my,0124212977,Business Information Systems,2025-01-10,Active,Artificial Intelligence,CS3501,4,A,94,Semester 2,2025
STU202710094,Hafiz,Rahman,hafiz.rahman94@university.edu.my,0132403758,Software Engineering,2025-01-10,Graduated,Network Security,CS3301,4,B-,81,Semester 2,2026
STU202710095,Ahmad,Hashim,ahmad.hashim95@university.edu.my,0169344212,Software Engineering,2025-01-10,Graduated,Machine Learning,CS4501,3,A,97,Semester 1,2025
STU202710096,Hanis,Ali,hanis.ali96@university.edu.my,0137268475,Cyber Security,2025-01-10,Active,Data Structures,CS2102,4,B,82,Semester 1,2026
STU202710097,Nurin,Zulkifli,nurin.zulkifli97@university.edu.my,0195981962,Software Engineering,2025-01-10,Active,Computer Networks,IT2301,3,B,82,Semester 2,2026
STU202710098,Farhana,Hashim,farhana.hashim98@university.edu.my,0136601808,Software Engineering,2025-01-10,Active,Software Engineering,SE2201,4,C+,76,Semester 1,2025
STU202710099,Kevin,Wong,kevin.wong99@university.edu.my,0173967005,Software Engineering,2025-01-10,Active,Digital Forensics,CS4401,4,A-,90,Semester 1,2026
STU202710100,Farhana,Tan,farhana.tan100@university.edu.my,0118213682,Software Engineering,2025-01-10,Active,Digital Forensics,CS4401,3,B,86,Semester 2,2025
STU202710101,Aiman,Chong,aiman.chong101@university.edu.my,0131692761,Software Engineering,2025-01-10,Active,Web Development,IT2202,3,B+,90,Semester 2,2026
STU202710102,Aiman,Ismail,aiman.ismail102@university.edu.my,0157882270,Software Engineering,2025-01-10,Active,Web Development,IT2202,3,A,94,Semester 2,2026
STU202710103,Alicia,Yusof,alicia.yusof103@university.edu.my,0184343404,Business Information Systems,2025-01-10,Active,Digital Forensics,CS4401,4,A,94,Semester 2,2025
STU202710104,Melissa,Hashim,melissa.hashim104@university.edu.my,0146671816,Cyber Security,2025-01-10,Active,Artificial Intelligence,CS3501,4,B,84,Semester 2,2026
STU202710105,Nurul,Hashim,nurul.hashim105@university.edu.my,0111926184,Cyber Security,2025-01-10,Active,Cloud Computing,IT3301,4,B-,80,Semester 1,2025
STU202710106,Faizal,Hassan,faizal.hassan106@university.edu.my,0191382470,Computer Science,2025-01-10,Active,Computer Networks,IT2301,3,C+,78,Semester 2,2025
STU202710107,Kevin,Chong,kevin.chong107@university.edu.my,0145462159,Computer Science,2025-01-10,Active,Artificial Intelligence,CS3501,3,A,93,Semester 1,2026
STU202710108,Aisyah,Chong,aisyah.chong108@university.edu.my,0152382219,Business Information Systems,2025-01-10,Active,Data Structures,CS2102,4,A,93,Semester 1,2025
STU202710109,Kevin,Mahmud,kevin.mahmud109@university.edu.my,0114645089,Computer Science,2025-01-10,Active,Data Structures,CS2102,4,A-,91,Semester 2,2025
STU202710110,Aiman,Zulkifli,aiman.zulkifli110@university.edu.my,0183831436,Computer Science,2025-01-10,Active,Web Development,IT2202,4,B+,88,Semester 2,2025
STU202710111,Alicia,Saleh,alicia.saleh111@university.edu.my,0146908554,Business Information Systems,2025-01-10,Active,Software Engineering,SE2201,3,A-,93,Semester 1,2025
STU202710112,Kevin,Latif,kevin.latif112@university.edu.my,0144608614,Information Technology,2025-01-10,Active,Digital Forensics,CS4401,3,B,83,Semester 1,2025
STU202710113,Siti,Ali,siti.ali113@university.edu.my,0177680334,Business Information Systems,2025-01-10,Active,Cloud Computing,IT3301,3,C+,78,Semester 1,2026
STU202710114,Daniel,Karim,daniel.karim114@university.edu.my,0109389402,Cyber Security,2025-01-10,Active,Machine Learning,CS4501,3,B,83,Semester 1,2026
STU202710115,Melissa,Yusof,melissa.yusof115@university.edu.my,0119988116,Cyber Security,2025-01-10,Active,Cloud Computing,IT3301,4,B-,81,Semester 1,2025
STU202710116,Farid,Rahman,farid.rahman116@university.edu.my,0173534932,Cyber Security,2025-01-10,Active,Network Security,CS3301,3,B,83,Semester 1,2026
STU202710117,Daniel,Karim,daniel.karim117@university.edu.my,0157899733,Cyber Security,2025-01-10,Active,Database Systems,CS2201,4,A-,93,Semester 2,2025
STU202710118,Farid,Osman,farid.osman118@university.edu.my,0157119897,Information Technology,2025-01-10,Graduated,Cloud Computing,IT3301,3,C+,76,Semester 2,2026
STU202710119,Kevin,Zulkifli,kevin.zulkifli119@university.edu.my,0188151881,Business Information Systems,2025-01-10,Active,Database Systems,CS2201,3,B+,90,Semester 1,2025
STU202710120,Sarah,Wong,sarah.wong120@university.edu.my,0131712454,Computer Science,2025-01-10,Graduated,Machine Learning,CS4501,3,C+,77,Semester 2,2026
STU202710121,Amir,Zulkifli,amir.zulkifli121@university.edu.my,0123691729,Computer Science,2025-01-10,Active,Software Engineering,SE2201,3,C+,76,Semester 2,2026
STU202710122,Hafiz,Yusof,hafiz.yusof122@university.edu.my,0149096787,Information Technology,2025-01-10,Active,Network Security,CS3301,4,B,85,Semester 2,2025
STU202710123,Farhana,Jaafar,farhana.jaafar123@university.edu.my,0131739298,Business Information Systems,2025-01-10,Active,Network Security,CS3301,4,A,93,Semester 1,2025
STU202710124,Farhana,Ismail,farhana.ismail124@university.edu.my,0143961746,Computer Science,2025-01-10,Active,Web Development,IT2202,4,B-,82,Semester 1,2026
STU202710125,Aisyah,Ali,aisyah.ali125@university.edu.my,0175978295,Business Information Systems,2025-01-10,Active,Network Security,CS3301,3,B,86,Semester 1,2025
STU202710126,Sarah,Mahmud,sarah.mahmud126@university.edu.my,0159994013,Computer Science,2025-01-10,Graduated,Artificial Intelligence,CS3501,3,B-,78,Semester 2,2025
STU202710127,Kevin,Jaafar,kevin.jaafar127@university.edu.my,0127331517,Information Technology,2025-01-10,Graduated,Artificial Intelligence,CS3501,3,B+,87,Semester 2,2026
STU202710128,Nurul,Rahman,nurul.rahman128@university.edu.my,0143111340,Computer Science,2025-01-10,Active,Cloud Computing,IT3301,4,A-,92,Semester 2,2026
STU202710129,Sarah,Wong,sarah.wong129@university.edu.my,0109958729,Cyber Security,2025-01-10,Active,Machine Learning,CS4501,3,B-,81,Semester 2,2026
STU202710130,Sarah,Hassan,sarah.hassan130@university.edu.my,0109589232,Business Information Systems,2025-01-10,Active,Web Development,IT2202,3,B-,81,Semester 2,2025
STU202710131,Adam,Teoh,adam.teoh131@university.edu.my,0178405022,Cyber Security,2025-01-10,Active,Computer Networks,IT2301,3,A-,92,Semester 2,2026
STU202710132,Hanis,Hashim,hanis.hashim132@university.edu.my,0192977352,Information Technology,2025-01-10,Active,Data Structures,CS2102,3,B-,79,Semester 1,2025
STU202710133,Farhana,Saleh,farhana.saleh133@university.edu.my,0188399397,Cyber Security,2025-01-10,Active,Web Development,IT2202,4,A-,91,Semester 1,2026
STU202710134,Adam,Zulkifli,adam.zulkifli134@university.edu.my,0137107638,Information Technology,2025-01-10,Active,Cloud Computing,IT3301,4,A,97,Semester 2,2025
STU202710135,Amir,Ali,amir.ali135@university.edu.my,0104867169,Computer Science,2025-01-10,Graduated,Cloud Computing,IT3301,4,A,94,Semester 1,2026
STU202710136,Melissa,Ali,melissa.ali136@university.edu.my,0181920686,Software Engineering,2025-01-10,Active,Digital Forensics,CS4401,4,C+,75,Semester 1,2026
STU202710137,Aiman,Saleh,aiman.saleh137@university.edu.my,0171157505,Computer Science,2025-01-10,Active,Computer Networks,IT2301,4,B,85,Semester 1,2025
STU202710138,Farid,Ali,farid.ali138@university.edu.my,0186139942,Information Technology,2025-01-10,Active,Machine Learning,CS4501,4,A-,90,Semester 2,2025
STU202710139,Amir,Saleh,amir.saleh139@university.edu.my,0161421300,Business Information Systems,2025-01-10,Graduated,Software Engineering,SE2201,4,B-,82,Semester 2,2026
STU202710140,Farid,Yusof,farid.yusof140@university.edu.my,0157542015,Software Engineering,2025-01-10,Active,Computer Networks,IT2301,3,A,97,Semester 2,2025
STU202710141,Nurul,Osman,nurul.osman141@university.edu.my,0144665103,Business Information Systems,2025-01-10,Active,Software Engineering,SE2201,4,A,96,Semester 1,2025
STU202710142,Hafiz,Latif,hafiz.latif142@university.edu.my,0154137123,Cyber Security,2025-01-10,Graduated,Artificial Intelligence,CS3501,3,B+,86,Semester 2,2025
STU202710143,Amir,Hassan,amir.hassan143@university.edu.my,0101995813,Computer Science,2025-01-10,Graduated,Database Systems,CS2201,4,B-,81,Semester 2,2025
STU202710144,Nadia,Mahmud,nadia.mahmud144@university.edu.my,0187779092,Cyber Security,2025-01-10,Active,Cloud Computing,IT3301,4,A-,92,Semester 2,2025
STU202710145,Amir,Ismail,amir.ismail145@university.edu.my,0162577844,Computer Science,2025-01-10,Graduated,Network Security,CS3301,3,C+,78,Semester 2,2026
STU202710146,Kevin,Saleh,kevin.saleh146@university.edu.my,0162149417,Information Technology,2025-01-10,Active,Network Security,CS3301,3,A,95,Semester 1,2026
STU202710147,Adam,Ismail,adam.ismail147@university.edu.my,0151231968,Information Technology,2025-01-10,Graduated,Web Development,IT2202,4,A,95,Semester 2,2026
STU202710148,Nurin,Saleh,nurin.saleh148@university.edu.my,0159198404,Information Technology,2025-01-10,Active,Database Systems,CS2201,3,A,97,Semester 2,2026
STU202710149,Adam,Yusof,adam.yusof149@university.edu.my,0136104796,Information Technology,2025-01-10,Graduated,Computer Networks,IT2301,4,C+,75,Semester 2,2025
STU202710150,Ahmad,Hassan,ahmad.hassan150@university.edu.my,0175928343,Information Technology,2025-01-10,Graduated,Web Development,IT2202,3,B-,80,Semester 1,2025
STU202710151,Daniel,Saleh,daniel.saleh151@university.edu.my,0144727124,Computer Science,2025-01-10,Active,Database Systems,CS2201,4,B,84,Semester 2,2026
STU202710152,Hanis,Hassan,hanis.hassan152@university.edu.my,0101816608,Computer Science,2025-01-10,Graduated,Machine Learning,CS4501,3,A,94,Semester 1,2026
STU202710153,Daniel,Latif,daniel.latif153@university.edu.my,0165083733,Business Information Systems,2025-01-10,Active,Digital Forensics,CS4401,4,A-,89,Semester 1,2026
STU202710154,Siti,Hashim,siti.hashim154@university.edu.my,0119354559,Software Engineering,2025-01-10,Graduated,Web Development,IT2202,3,C+,77,Semester 1,2026
STU202710155,Ahmad,Zulkifli,ahmad.zulkifli155@university.edu.my,0192915500,Computer Science,2025-01-10,Active,Web Development,IT2202,4,A,96,Semester 1,2026
STU202710156,Melissa,Hashim,melissa.hashim156@university.edu.my,0118148141,Software Engineering,2025-01-10,Active,Data Structures,CS2102,4,B+,87,Semester 2,2025
STU202710157,Sarah,Tan,sarah.tan157@university.edu.my,0173573516,Information Technology,2025-01-10,Active,Machine Learning,CS4501,4,C+,74,Semester 1,2025
STU202710158,Sarah,Karim,sarah.karim158@university.edu.my,0152694186,Software Engineering,2025-01-10,Active,Cloud Computing,IT3301,3,C+,78,Semester 1,2026
STU202710159,Melissa,Lim,melissa.lim159@university.edu.my,0163313848,Information Technology,2025-01-10,Active,Artificial Intelligence,CS3501,4,A-,91,Semester 2,2025
STU202710160,Adam,Ismail,adam.ismail160@university.edu.my,0154319362,Cyber Security,2025-01-10,Active,Network Security,CS3301,4,B,85,Semester 2,2025
STU202710161,Nadia,Wong,nadia.wong161@university.edu.my,0191426285,Software Engineering,2025-01-10,Graduated,Software Engineering,SE2201,3,A-,89,Semester 2,2025
STU202710162,Faizal,Ali,faizal.ali162@university.edu.my,0148458990,Business Information Systems,2025-01-10,Graduated,Software Engineering,SE2201,3,A-,92,Semester 1,2025
STU202710163,Nadia,Zulkifli,nadia.zulkifli163@university.edu.my,0169790428,Information Technology,2025-01-10,Active,Data Structures,CS2102,3,B+,90,Semester 2,2026
STU202710164,Siti,Chong,siti.chong164@university.edu.my,0199069877,Information Technology,2025-01-10,Graduated,Cloud Computing,IT3301,4,A-,92,Semester 2,2025
STU202710165,Daniel,Hamid,daniel.hamid165@university.edu.my,0177778754,Business Information Systems,2025-01-10,Active,Machine Learning,CS4501,4,B,83,Semester 1,2026
STU202710166,Nadia,Osman,nadia.osman166@university.edu.my,0179867152,Cyber Security,2025-01-10,Active,Machine Learning,CS4501,4,B,83,Semester 1,2026
STU202710167,Ahmad,Wong,ahmad.wong167@university.edu.my,0171115406,Information Technology,2025-01-10,Active,Software Engineering,SE2201,4,B-,82,Semester 1,2025
STU202710168,Kevin,Teoh,kevin.teoh168@university.edu.my,0127926738,Cyber Security,2025-01-10,Active,Machine Learning,CS4501,4,C+,77,Semester 1,2025
STU202710169,Farhana,Saleh,farhana.saleh169@university.edu.my,0186994876,Software Engineering,2025-01-10,Active,Software Engineering,SE2201,3,A,94,Semester 2,2025
STU202710170,Siti,Jaafar,siti.jaafar170@university.edu.my,0188055954,Cyber Security,2025-01-10,Active,Network Security,CS3301,4,B,83,Semester 2,2026
STU202710171,Farhana,Zulkifli,farhana.zulkifli171@university.edu.my,0128862948,Computer Science,2025-01-10,Active,Computer Networks,IT2301,3,B,83,Semester 1,2025
STU202710172,Aisyah,Chong,aisyah.chong172@university.edu.my,0179758910,Information Technology,2025-01-10,Active,Computer Networks,IT2301,4,C+,74,Semester 1,2026
STU202710173,Ahmad,Hashim,ahmad.hashim173@university.edu.my,0109057422,Cyber Security,2025-01-10,Graduated,Database Systems,CS2201,3,A-,89,Semester 2,2026
STU202710174,Nurul,Hashim,nurul.hashim174@university.edu.my,0108632534,Computer Science,2025-01-10,Graduated,Digital Forensics,CS4401,4,C+,74,Semester 1,2025
STU202710175,Amir,Zulkifli,amir.zulkifli175@university.edu.my,0188163553,Cyber Security,2025-01-10,Active,Machine Learning,CS4501,4,B+,90,Semester 1,2026
STU202710176,Faizal,Hamid,faizal.hamid176@university.edu.my,0142818280,Computer Science,2025-01-10,Active,Computer Networks,IT2301,4,B-,79,Semester 2,2026
STU202710177,Aiman,Tan,aiman.tan177@university.edu.my,0164179416,Cyber Security,2025-01-10,Active,Cloud Computing,IT3301,3,B,83,Semester 2,2025
STU202710178,Hanis,Hashim,hanis.hashim178@university.edu.my,0154165554,Business Information Systems,2025-01-10,Active,Cloud Computing,IT3301,4,C+,74,Semester 1,2025
STU202710179,Amir,Tan,amir.tan179@university.edu.my,0145892027,Information Technology,2025-01-10,Active,Artificial Intelligence,CS3501,4,C+,74,Semester 1,2026
STU202710180,Kevin,Hamid,kevin.hamid180@university.edu.my,0111647772,Computer Science,2025-01-10,Active,Computer Networks,IT2301,3,B-,80,Semester 1,2026
STU202710181,Amir,Karim,amir.karim181@university.edu.my,0141013229,Software Engineering,2025-01-10,Active,Database Systems,CS2201,4,B,84,Semester 1,2025
STU202710182,Farid,Lee,farid.lee182@university.edu.my,0173258071,Computer Science,2025-01-10,Active,Computer Networks,IT2301,4,B+,88,Semester 1,2025
STU202710183,Hanis,Hamid,hanis.hamid183@university.edu.my,0168140216,Information Technology,2025-01-10,Active,Network Security,CS3301,4,A-,93,Semester 1,2025
STU202710184,Kevin,Osman,kevin.osman184@university.edu.my,0153722055,Cyber Security,2025-01-10,Active,Machine Learning,CS4501,3,B+,88,Semester 2,2026
STU202710185,Farid,Osman,farid.osman185@university.edu.my,0162353372,Business Information Systems,2025-01-10,Graduated,Data Structures,CS2102,4,B+,90,Semester 1,2025
STU202710186,Farid,Ismail,farid.ismail186@university.edu.my,0134410455,Business Information Systems,2025-01-10,Active,Network Security,CS3301,4,B,82,Semester 1,2025
STU202710187,Hanis,Chong,hanis.chong187@university.edu.my,0199228726,Cyber Security,2025-01-10,Active,Web Development,IT2202,4,B+,87,Semester 2,2026
STU202710188,Hanis,Zulkifli,hanis.zulkifli188@university.edu.my,0132456034,Computer Science,2025-01-10,Active,Artificial Intelligence,CS3501,3,A-,92,Semester 1,2025
STU202710189,Nadia,Tan,nadia.tan189@university.edu.my,0196574643,Cyber Security,2025-01-10,Active,Digital Forensics,CS4401,3,B-,79,Semester 1,2026
STU202710190,Nadia,Rahman,nadia.rahman190@university.edu.my,0114170578,Information Technology,2025-01-10,Active,Computer Networks,IT2301,4,B,82,Semester 2,2025
STU202710191,Hanis,Hassan,hanis.hassan191@university.edu.my,0171005506,Computer Science,2025-01-10,Graduated,Web Development,IT2202,4,A,94,Semester 1,2026
STU202710192,Hanis,Tan,hanis.tan192@university.edu.my,0158319268,Software Engineering,2025-01-10,Active,Data Structures,CS2102,4,A,93,Semester 2,2025
STU202710193,Alicia,Tan,alicia.tan193@university.edu.my,0115724791,Computer Science,2025-01-10,Active,Machine Learning,CS4501,3,C+,77,Semester 1,2026
STU202710194,Farhana,Hamid,farhana.hamid194@university.edu.my,0162811238,Business Information Systems,2025-01-10,Graduated,Web Development,IT2202,4,C+,76,Semester 1,2026
STU202710195,Aiman,Ali,aiman.ali195@university.edu.my,0143085746,Computer Science,2025-01-10,Active,Machine Learning,CS4501,4,B+,89,Semester 1,2026
STU202710196,Melissa,Yusof,melissa.yusof196@university.edu.my,0152963773,Business Information Systems,2025-01-10,Active,Software Engineering,SE2201,4,A,94,Semester 2,2025
STU202710197,Aisyah,Lim,aisyah.lim197@university.edu.my,0151089848,Business Information Systems,2025-01-10,Active,Database Systems,CS2201,3,B-,81,Semester 2,2025
STU202710198,Alicia,Latif,alicia.latif198@university.edu.my,0109131797,Business Information Systems,2025-01-10,Active,Database Systems,CS2201,4,A,95,Semester 1,2026
STU202710199,Sarah,Osman,sarah.osman199@university.edu.my,0123322316,Business Information Systems,2025-01-10,Active,Machine Learning,CS4501,3,A,97,Semester 1,2026
STU202710200,Hanis,Ismail,hanis.ismail200@university.edu.my,0134173110,Information Technology,2025-01-10,Active,Cloud Computing,IT3301,3,C+,77,Semester 2,2025
STU202710201,Nurul,Jaafar,nurul.jaafar201@university.edu.my,0176749129,Information Technology,2025-01-10,Active,Artificial Intelligence,CS3501,4,A,94,Semester 2,2026
STU202710202,Hanis,Zulkifli,hanis.zulkifli202@university.edu.my,0199355672,Cyber Security,2025-01-10,Graduated,Network Security,CS3301,3,B-,80,Semester 2,2026
STU202710203,Adam,Yusof,adam.yusof203@university.edu.my,0184107526,Computer Science,2025-01-10,Active,Digital Forensics,CS4401,3,A-,93,Semester 1,2026
STU202710204,Nurul,Yusof,nurul.yusof204@university.edu.my,0119201150,Business Information Systems,2025-01-10,Active,Artificial Intelligence,CS3501,3,C+,76,Semester 1,2026
STU202710205,Ahmad,Teoh,ahmad.teoh205@university.edu.my,0186396673,Business Information Systems,2025-01-10,Graduated,Database Systems,CS2201,4,B-,80,Semester 2,2026
STU202710206,Aisyah,Ali,aisyah.ali206@university.edu.my,0124275952,Information Technology,2025-01-10,Active,Machine Learning,CS4501,3,B+,88,Semester 2,2025
STU202710207,Amir,Jaafar,amir.jaafar207@university.edu.my,0114619098,Information Technology,2025-01-10,Active,Computer Networks,IT2301,3,B,86,Semester 2,2025
STU202710208,Farhana,Mahmud,farhana.mahmud208@university.edu.my,0171866928,Business Information Systems,2025-01-10,Active,Digital Forensics,CS4401,3,B,86,Semester 2,2025
STU202710209,Adam,Latif,adam.latif209@university.edu.my,0121756260,Information Technology,2025-01-10,Active,Computer Networks,IT2301,4,B-,82,Semester 1,2025
STU202710210,Farhana,Saleh,farhana.saleh210@university.edu.my,0117363749,Software Engineering,2025-01-10,Active,Network Security,CS3301,3,B+,89,Semester 1,2026
STU202710211,Faizal,Zulkifli,faizal.zulkifli211@university.edu.my,0132956688,Business Information Systems,2025-01-10,Active,Web Development,IT2202,3,B,86,Semester 2,2026
STU202710212,Melissa,Jaafar,melissa.jaafar212@university.edu.my,0101837232,Computer Science,2025-01-10,Active,Machine Learning,CS4501,3,B-,79,Semester 2,2026
STU202710213,Melissa,Yusof,melissa.yusof213@university.edu.my,0165091075,Computer Science,2025-01-10,Active,Web Development,IT2202,4,B-,80,Semester 2,2026
STU202710214,Faizal,Saleh,faizal.saleh214@university.edu.my,0198937900,Computer Science,2025-01-10,Active,Web Development,IT2202,3,B,85,Semester 2,2026
STU202710215,Nadia,Lee,nadia.lee215@university.edu.my,0101986361,Software Engineering,2025-01-10,Active,Software Engineering,SE2201,3,A-,89,Semester 1,2026
STU202710216,Melissa,Yusof,melissa.yusof216@university.edu.my,0193370483,Business Information Systems,2025-01-10,Active,Computer Networks,IT2301,3,B+,88,Semester 1,2026
STU202710217,Sarah,Hashim,sarah.hashim217@university.edu.my,0138704498,Computer Science,2025-01-10,Active,Network Security,CS3301,3,B-,81,Semester 2,2026
STU202710218,Daniel,Rahman,daniel.rahman218@university.edu.my,0108003943,Cyber Security,2025-01-10,Active,Software Engineering,SE2201,4,B+,88,Semester 1,2025
STU202710219,Adam,Hassan,adam.hassan219@university.edu.my,0159352536,Information Technology,2025-01-10,Active,Digital Forensics,CS4401,4,C+,74,Semester 1,2025
STU202710220,Melissa,Osman,melissa.osman220@university.edu.my,0124476896,Cyber Security,2025-01-10,Active,Computer Networks,IT2301,3,A,94,Semester 2,2025
STU202710221,Nurul,Zulkifli,nurul.zulkifli221@university.edu.my,0141727049,Software Engineering,2025-01-10,Active,Artificial Intelligence,CS3501,4,B,84,Semester 2,2026
STU202710222,Ahmad,Hashim,ahmad.hashim222@university.edu.my,0139675321,Cyber Security,2025-01-10,Active,Artificial Intelligence,CS3501,4,C+,74,Semester 1,2025
STU202710223,Nurin,Hamid,nurin.hamid223@university.edu.my,0111630925,Software Engineering,2025-01-10,Active,Artificial Intelligence,CS3501,4,B,85,Semester 2,2025
STU202710224,Alicia,Hashim,alicia.hashim224@university.edu.my,0148847019,Information Technology,2025-01-10,Active,Artificial Intelligence,CS3501,4,A,93,Semester 1,2025
STU202710225,Ahmad,Tan,ahmad.tan225@university.edu.my,0155993051,Software Engineering,2025-01-10,Graduated,Software Engineering,SE2201,3,C+,77,Semester 1,2025
STU202710226,Nadia,Ismail,nadia.ismail226@university.edu.my,0119189284,Information Technology,2025-01-10,Active,Cloud Computing,IT3301,4,A-,89,Semester 2,2025
STU202710227,Sarah,Zulkifli,sarah.zulkifli227@university.edu.my,0155480575,Business Information Systems,2025-01-10,Active,Artificial Intelligence,CS3501,4,C+,74,Semester 2,2025
STU202710228,Alicia,Jaafar,alicia.jaafar228@university.edu.my,0144952483,Computer Science,2025-01-10,Active,Software Engineering,SE2201,4,A-,90,Semester 1,2025
STU202710229,Hanis,Hamid,hanis.hamid229@university.edu.my,0118223356,Software Engineering,2025-01-10,Active,Machine Learning,CS4501,3,B+,86,Semester 1,2025
STU202710230,Alicia,Chong,alicia.chong230@university.edu.my,0121637221,Computer Science,2025-01-10,Active,Computer Networks,IT2301,3,B,85,Semester 1,2026
STU202710231,Farid,Hamid,farid.hamid231@university.edu.my,0142829577,Cyber Security,2025-01-10,Active,Artificial Intelligence,CS3501,3,B+,88,Semester 1,2025
STU202710232,Farhana,Tan,farhana.tan232@university.edu.my,0163040956,Computer Science,2025-01-10,Active,Data Structures,CS2102,4,C+,78,Semester 2,2025
STU202710233,Hafiz,Karim,hafiz.karim233@university.edu.my,0177664943,Business Information Systems,2025-01-10,Active,Database Systems,CS2201,4,A-,91,Semester 1,2026
STU202710234,Amir,Latif,amir.latif234@university.edu.my,0164592727,Business Information Systems,2025-01-10,Active,Web Development,IT2202,4,B-,80,Semester 1,2026
STU202710235,Hafiz,Yusof,hafiz.yusof235@university.edu.my,0174861280,Information Technology,2025-01-10,Active,Cloud Computing,IT3301,4,A,93,Semester 1,2025
STU202710236,Nurin,Tan,nurin.tan236@university.edu.my,0195283311,Software Engineering,2025-01-10,Active,Network Security,CS3301,4,C+,75,Semester 1,2025
STU202710237,Aisyah,Latif,aisyah.latif237@university.edu.my,0159618454,Information Technology,2025-01-10,Active,Data Structures,CS2102,4,A-,89,Semester 1,2025
STU202710238,Ahmad,Latif,ahmad.latif238@university.edu.my,0162852346,Software Engineering,2025-01-10,Active,Computer Networks,IT2301,3,C+,76,Semester 1,2025
STU202710239,Aiman,Chong,aiman.chong239@university.edu.my,0152648343,Computer Science,2025-01-10,Active,Digital Forensics,CS4401,4,B,85,Semester 2,2026
STU202710240,Alicia,Osman,alicia.osman240@university.edu.my,0143439554,Cyber Security,2025-01-10,Active,Artificial Intelligence,CS3501,3,C+,78,Semester 2,2026
STU202710241,Nurul,Wong,nurul.wong241@university.edu.my,0116927504,Software Engineering,2025-01-10,Active,Software Engineering,SE2201,3,B-,78,Semester 1,2025
STU202710242,Farhana,Ismail,farhana.ismail242@university.edu.my,0121070978,Information Technology,2025-01-10,Active,Cloud Computing,IT3301,3,A-,93,Semester 2,2025
STU202710243,Adam,Teoh,adam.teoh243@university.edu.my,0148893237,Cyber Security,2025-01-10,Graduated,Computer Networks,IT2301,3,B,82,Semester 1,2026
STU202710244,Hafiz,Hashim,hafiz.hashim244@university.edu.my,0182965638,Computer Science,2025-01-10,Graduated,Machine Learning,CS4501,4,B,83,Semester 2,2025
STU202710245,Nurin,Ismail,nurin.ismail245@university.edu.my,0143248572,Software Engineering,2025-01-10,Active,Software Engineering,SE2201,3,A,97,Semester 1,2026
STU202710246,Faizal,Ismail,faizal.ismail246@university.edu.my,0108129890,Business Information Systems,2025-01-10,Graduated,Data Structures,CS2102,3,B-,82,Semester 1,2026
STU202710247,Aiman,Tan,aiman.tan247@university.edu.my,0177569663,Computer Science,2025-01-10,Graduated,Database Systems,CS2201,4,A,95,Semester 2,2026
STU202710248,Aisyah,Mahmud,aisyah.mahmud248@university.edu.my,0192512714,Business Information Systems,2025-01-10,Graduated,Database Systems,CS2201,4,C+,74,Semester 1,2026
STU202710249,Aiman,Osman,aiman.osman249@university.edu.my,0113153060,Software Engineering,2025-01-10,Graduated,Network Security,CS3301,4,A-,91,Semester 2,2025
STU202710250,Aisyah,Rahman,aisyah.rahman250@university.edu.my,0196275519,Software Engineering,2025-01-10,Active,Database Systems,CS2201,3,A,94,Semester 2,2026
STU202710251,Nadia,Wong,nadia.wong251@university.edu.my,0107561147,Cyber Security,2025-01-10,Active,Machine Learning,CS4501,3,A,96,Semester 2,2026
STU202710252,Kevin,Rahman,kevin.rahman252@university.edu.my,0183867360,Software Engineering,2025-01-10,Active,Artificial Intelligence,CS3501,3,C+,75,Semester 1,2025
STU202710253,Kevin,Zulkifli,kevin.zulkifli253@university.edu.my,0162197614,Information Technology,2025-01-10,Active,Data Structures,CS2102,4,B+,87,Semester 1,2026
STU202710254,Nurul,Ismail,nurul.ismail254@university.edu.my,0114911840,Cyber Security,2025-01-10,Active,Software Engineering,SE2201,3,C+,74,Semester 2,2025
STU202710255,Ahmad,Zulkifli,ahmad.zulkifli255@university.edu.my,0136676794,Business Information Systems,2025-01-10,Active,Machine Learning,CS4501,3,B+,86,Semester 1,2025
STU202710256,Melissa,Hashim,melissa.hashim256@university.edu.my,0141774368,Information Technology,2025-01-10,Graduated,Database Systems,CS2201,3,B,84,Semester 1,2026
STU202710257,Nurin,Yusof,nurin.yusof257@university.edu.my,0108014045,Information Technology,2025-01-10,Active,Machine Learning,CS4501,4,B+,89,Semester 1,2025
STU202710258,Jason,Yusof,jason.yusof258@university.edu.my,0182114702,Information Technology,2025-01-10,Active,Digital Forensics,CS4401,4,B,84,Semester 2,2026
STU202710259,Sarah,Lee,sarah.lee259@university.edu.my,0162653616,Computer Science,2025-01-10,Active,Network Security,CS3301,3,A-,90,Semester 1,2025
STU202710260,Aisyah,Latif,aisyah.latif260@university.edu.my,0115112405,Cyber Security,2025-01-10,Active,Artificial Intelligence,CS3501,3,B+,88,Semester 1,2025
STU202710261,Jason,Tan,jason.tan261@university.edu.my,0151166136,Cyber Security,2025-01-10,Active,Software Engineering,SE2201,3,B,84,Semester 1,2026
STU202710262,Sarah,Hashim,sarah.hashim262@university.edu.my,0169059940,Software Engineering,2025-01-10,Active,Digital Forensics,CS4401,3,A-,89,Semester 2,2026
STU202710263,Faizal,Jaafar,faizal.jaafar263@university.edu.my,0113101144,Software Engineering,2025-01-10,Active,Cloud Computing,IT3301,3,B+,87,Semester 1,2026
STU202710264,Sarah,Wong,sarah.wong264@university.edu.my,0193739081,Computer Science,2025-01-10,Active,Software Engineering,SE2201,3,B-,81,Semester 2,2025
STU202710265,Farhana,Hassan,farhana.hassan265@university.edu.my,0102512112,Business Information Systems,2025-01-10,Active,Software Engineering,SE2201,3,B,85,Semester 1,2025
STU202710266,Hafiz,Tan,hafiz.tan266@university.edu.my,0126962854,Cyber Security,2025-01-10,Active,Computer Networks,IT2301,3,B-,79,Semester 2,2026
STU202710267,Melissa,Ali,melissa.ali267@university.edu.my,0165681989,Software Engineering,2025-01-10,Active,Software Engineering,SE2201,3,C+,76,Semester 2,2026
STU202710268,Sarah,Lee,sarah.lee268@university.edu.my,0125973835,Software Engineering,2025-01-10,Active,Digital Forensics,CS4401,3,B,84,Semester 1,2025
STU202710269,Daniel,Lim,daniel.lim269@university.edu.my,0186643695,Cyber Security,2025-01-10,Active,Web Development,IT2202,3,B,86,Semester 1,2025
STU202710270,Hanis,Mahmud,hanis.mahmud270@university.edu.my,0163904681,Computer Science,2025-01-10,Graduated,Data Structures,CS2102,4,A,95,Semester 2,2025
STU202710271,Kevin,Zulkifli,kevin.zulkifli271@university.edu.my,0196504811,Software Engineering,2025-01-10,Graduated,Digital Forensics,CS4401,3,B+,89,Semester 1,2025
STU202710272,Nadia,Karim,nadia.karim272@university.edu.my,0185384616,Cyber Security,2025-01-10,Active,Artificial Intelligence,CS3501,3,B-,80,Semester 1,2026
STU202710273,Hanis,Ismail,hanis.ismail273@university.edu.my,0169851322,Business Information Systems,2025-01-10,Active,Software Engineering,SE2201,4,C+,77,Semester 2,2025
STU202710274,Amir,Rahman,amir.rahman274@university.edu.my,0184965318,Software Engineering,2025-01-10,Graduated,Software Engineering,SE2201,4,B,85,Semester 2,2026
STU202710275,Melissa,Tan,melissa.tan275@university.edu.my,0137841501,Software Engineering,2025-01-10,Active,Database Systems,CS2201,3,A,93,Semester 1,2026
STU202710276,Hanis,Karim,hanis.karim276@university.edu.my,0145688559,Software Engineering,2025-01-10,Active,Machine Learning,CS4501,4,B-,79,Semester 2,2026
STU202710277,Siti,Zulkifli,siti.zulkifli277@university.edu.my,0124342665,Cyber Security,2025-01-10,Active,Machine Learning,CS4501,3,A-,90,Semester 2,2025
STU202710278,Farhana,Jaafar,farhana.jaafar278@university.edu.my,0182149112,Computer Science,2025-01-10,Active,Web Development,IT2202,3,B,86,Semester 2,2026
STU202710279,Nadia,Hashim,nadia.hashim279@university.edu.my,0171050340,Cyber Security,2025-01-10,Active,Web Development,IT2202,4,B-,79,Semester 2,2025
STU202710280,Ahmad,Jaafar,ahmad.jaafar280@university.edu.my,0198059312,Cyber Security,2025-01-10,Active,Computer Networks,IT2301,4,C+,77,Semester 2,2026
STU202710281,Farhana,Osman,farhana.osman281@university.edu.my,0181262317,Information Technology,2025-01-10,Active,Machine Learning,CS4501,3,A-,90,Semester 2,2025
STU202710282,Nadia,Chong,nadia.chong282@university.edu.my,0179224471,Business Information Systems,2025-01-10,Active,Digital Forensics,CS4401,4,A-,90,Semester 2,2025
STU202710283,Nurul,Lim,nurul.lim283@university.edu.my,0186396330,Software Engineering,2025-01-10,Active,Artificial Intelligence,CS3501,3,B-,78,Semester 1,2025
STU202710284,Nadia,Hassan,nadia.hassan284@university.edu.my,0166265675,Computer Science,2025-01-10,Graduated,Database Systems,CS2201,4,B+,88,Semester 2,2026
STU202710285,Melissa,Hashim,melissa.hashim285@university.edu.my,0123449040,Business Information Systems,2025-01-10,Active,Database Systems,CS2201,4,A-,91,Semester 1,2025
STU202710286,Alicia,Tan,alicia.tan286@university.edu.my,0101298116,Computer Science,2025-01-10,Active,Machine Learning,CS4501,3,B,83,Semester 1,2026
STU202710287,Hanis,Hashim,hanis.hashim287@university.edu.my,0163569379,Business Information Systems,2025-01-10,Active,Digital Forensics,CS4401,4,A,97,Semester 1,2025
STU202710288,Hanis,Chong,hanis.chong288@university.edu.my,0164550133,Information Technology,2025-01-10,Active,Database Systems,CS2201,4,B+,89,Semester 1,2025
STU202710289,Sarah,Osman,sarah.osman289@university.edu.my,0108584909,Information Technology,2025-01-10,Active,Cloud Computing,IT3301,4,C+,78,Semester 2,2026
STU202710290,Adam,Yusof,adam.yusof290@university.edu.my,0104012650,Information Technology,2025-01-10,Active,Data Structures,CS2102,3,B,83,Semester 2,2026
STU202710291,Farid,Chong,farid.chong291@university.edu.my,0152073209,Information Technology,2025-01-10,Active,Artificial Intelligence,CS3501,4,A,97,Semester 2,2026
STU202710292,Nurin,Latif,nurin.latif292@university.edu.my,0167778000,Software Engineering,2025-01-10,Graduated,Cloud Computing,IT3301,3,B-,82,Semester 1,2026
STU202710293,Melissa,Hassan,melissa.hassan293@university.edu.my,0132081988,Software Engineering,2025-01-10,Active,Network Security,CS3301,3,B+,87,Semester 1,2026
STU202710294,Nurul,Osman,nurul.osman294@university.edu.my,0134870589,Information Technology,2025-01-10,Active,Software Engineering,SE2201,3,B,83,Semester 1,2025
STU202710295,Aisyah,Zulkifli,aisyah.zulkifli295@university.edu.my,0187803900,Cyber Security,2025-01-10,Active,Machine Learning,CS4501,3,B-,79,Semester 1,2026
STU202710296,Faizal,Mahmud,faizal.mahmud296@university.edu.my,0172970273,Software Engineering,2025-01-10,Active,Data Structures,CS2102,3,C+,77,Semester 1,2025
STU202710297,Hafiz,Hamid,hafiz.hamid297@university.edu.my,0198006442,Information Technology,2025-01-10,Graduated,Computer Networks,IT2301,4,B,84,Semester 1,2025
STU202710298,Amir,Chong,amir.chong298@university.edu.my,0116295701,Software Engineering,2025-01-10,Active,Digital Forensics,CS4401,4,B-,82,Semester 1,2025
STU202710299,Adam,Jaafar,adam.jaafar299@university.edu.my,0148211020,Business Information Systems,2025-01-10,Graduated,Cloud Computing,IT3301,4,B-,82,Semester 1,2026
STU202710300,Nurul,Hashim,nurul.hashim300@university.edu.my,0165393242,Software Engineering,2025-01-10,Graduated,Machine Learning,CS4501,4,B,86,Semester 2,2025
STU202710301,Sarah,Teoh,sarah.teoh301@university.edu.my,0168082492,Software Engineering,2025-01-10,Active,Web Development,IT2202,4,B-,80,Semester 1,2025
STU202710302,Siti,Latif,siti.latif302@university.edu.my,0175588001,Cyber Security,2025-01-10,Active,Artificial Intelligence,CS3501,3,B,83,Semester 1,2026
STU202710303,Jason,Hassan,jason.hassan303@university.edu.my,0111695379,Cyber Security,2025-01-10,Active,Artificial Intelligence,CS3501,3,C+,76,Semester 2,2025
STU202710304,Aisyah,Latif,aisyah.latif304@university.edu.my,0164396333,Cyber Security,2025-01-10,Active,Artificial Intelligence,CS3501,3,B,83,Semester 1,2025
STU202710305,Hanis,Wong,hanis.wong305@university.edu.my,0136761489,Information Technology,2025-01-10,Active,Digital Forensics,CS4401,3,A,97,Semester 1,2025
STU202710306,Alicia,Rahman,alicia.rahman306@university.edu.my,0101962460,Computer Science,2025-01-10,Active,Software Engineering,SE2201,4,B,82,Semester 2,2026
STU202710307,Amir,Osman,amir.osman307@university.edu.my,0188258850,Information Technology,2025-01-10,Active,Data Structures,CS2102,3,A,97,Semester 1,2025
STU202710308,Amir,Tan,amir.tan308@university.edu.my,0102717745,Business Information Systems,2025-01-10,Active,Machine Learning,CS4501,4,B+,89,Semester 1,2025
STU202710309,Adam,Saleh,adam.saleh309@university.edu.my,0117766425,Information Technology,2025-01-10,Active,Network Security,CS3301,3,B+,86,Semester 1,2026
STU202710310,Melissa,Mahmud,melissa.mahmud310@university.edu.my,0161910263,Cyber Security,2025-01-10,Active,Network Security,CS3301,4,B,84,Semester 2,2026
STU202710311,Daniel,Tan,daniel.tan311@university.edu.my,0191117675,Business Information Systems,2025-01-10,Active,Software Engineering,SE2201,4,C+,74,Semester 2,2025
STU202710312,Nurul,Latif,nurul.latif312@university.edu.my,0114566505,Cyber Security,2025-01-10,Active,Software Engineering,SE2201,4,A,96,Semester 1,2026
STU202710313,Sarah,Zulkifli,sarah.zulkifli313@university.edu.my,0135900981,Computer Science,2025-01-10,Active,Digital Forensics,CS4401,4,C+,75,Semester 2,2025
STU202710314,Amir,Chong,amir.chong314@university.edu.my,0166398758,Software Engineering,2025-01-10,Active,Network Security,CS3301,3,B,82,Semester 1,2025
STU202710315,Aisyah,Tan,aisyah.tan315@university.edu.my,0132101683,Software Engineering,2025-01-10,Active,Database Systems,CS2201,4,A-,90,Semester 1,2025
STU202710316,Hanis,Teoh,hanis.teoh316@university.edu.my,0164489109,Information Technology,2025-01-10,Active,Web Development,IT2202,4,B-,80,Semester 1,2026
STU202710317,Hafiz,Lee,hafiz.lee317@university.edu.my,0155778210,Information Technology,2025-01-10,Active,Data Structures,CS2102,4,B-,79,Semester 1,2026
STU202710318,Nurin,Chong,nurin.chong318@university.edu.my,0159632990,Computer Science,2025-01-10,Active,Network Security,CS3301,4,A-,92,Semester 1,2025
STU202710319,Faizal,Ismail,faizal.ismail319@university.edu.my,0118956104,Computer Science,2025-01-10,Active,Database Systems,CS2201,4,A-,93,Semester 2,2025
STU202710320,Faizal,Lee,faizal.lee320@university.edu.my,0171949991,Information Technology,2025-01-10,Active,Network Security,CS3301,3,A-,92,Semester 1,2026
STU202710321,Alicia,Zulkifli,alicia.zulkifli321@university.edu.my,0162088732,Computer Science,2025-01-10,Active,Digital Forensics,CS4401,4,B,83,Semester 1,2026
STU202710322,Sarah,Chong,sarah.chong322@university.edu.my,0198829205,Cyber Security,2025-01-10,Active,Computer Networks,IT2301,4,B-,81,Semester 1,2025
STU202710323,Daniel,Mahmud,daniel.mahmud323@university.edu.my,0192583027,Computer Science,2025-01-10,Active,Computer Networks,IT2301,3,C+,74,Semester 1,2026
STU202710324,Faizal,Zulkifli,faizal.zulkifli324@university.edu.my,0111986859,Business Information Systems,2025-01-10,Graduated,Network Security,CS3301,3,B-,82,Semester 2,2025
STU202710325,Aisyah,Ismail,aisyah.ismail325@university.edu.my,0187453102,Computer Science,2025-01-10,Graduated,Computer Networks,IT2301,4,C+,77,Semester 2,2025
STU202710326,Hafiz,Yusof,hafiz.yusof326@university.edu.my,0153834386,Computer Science,2025-01-10,Active,Computer Networks,IT2301,4,B+,88,Semester 1,2026
STU202710327,Nurin,Yusof,nurin.yusof327@university.edu.my,0172518580,Cyber Security,2025-01-10,Active,Cloud Computing,IT3301,3,C+,78,Semester 2,2026
STU202710328,Alicia,Mahmud,alicia.mahmud328@university.edu.my,0155903896,Business Information Systems,2025-01-10,Active,Web Development,IT2202,3,B,84,Semester 2,2026
STU202710329,Farid,Mahmud,farid.mahmud329@university.edu.my,0191306582,Cyber Security,2025-01-10,Active,Software Engineering,SE2201,3,B-,82,Semester 2,2026
STU202710330,Siti,Ismail,siti.ismail330@university.edu.my,0122242966,Business Information Systems,2025-01-10,Active,Artificial Intelligence,CS3501,4,B-,81,Semester 2,2025
STU202710331,Ahmad,Latif,ahmad.latif331@university.edu.my,0107549722,Software Engineering,2025-01-10,Active,Data Structures,CS2102,4,B+,87,Semester 2,2025
STU202710332,Nadia,Wong,nadia.wong332@university.edu.my,0143705913,Information Technology,2025-01-10,Active,Cloud Computing,IT3301,3,C+,75,Semester 2,2026
STU202710333,Hanis,Hamid,hanis.hamid333@university.edu.my,0144478248,Computer Science,2025-01-10,Active,Computer Networks,IT2301,4,A-,91,Semester 2,2025
STU202710334,Aiman,Hashim,aiman.hashim334@university.edu.my,0197079508,Computer Science,2025-01-10,Graduated,Cloud Computing,IT3301,3,C+,74,Semester 2,2026
STU202710335,Aiman,Rahman,aiman.rahman335@university.edu.my,0109242266,Software Engineering,2025-01-10,Active,Network Security,CS3301,3,B-,78,Semester 1,2025
STU202710336,Nadia,Lee,nadia.lee336@university.edu.my,0194072717,Software Engineering,2025-01-10,Graduated,Software Engineering,SE2201,4,A,94,Semester 2,2025
STU202710337,Jason,Lee,jason.lee337@university.edu.my,0132168440,Computer Science,2025-01-10,Graduated,Network Security,CS3301,3,A,95,Semester 1,2025
STU202710338,Hafiz,Lee,hafiz.lee338@university.edu.my,0166229211,Information Technology,2025-01-10,Active,Computer Networks,IT2301,3,C+,74,Semester 2,2026
STU202710339,Farid,Rahman,farid.rahman339@university.edu.my,0163315893,Information Technology,2025-01-10,Active,Data Structures,CS2102,4,B+,90,Semester 2,2026
STU202710340,Hanis,Saleh,hanis.saleh340@university.edu.my,0133143882,Business Information Systems,2025-01-10,Graduated,Network Security,CS3301,4,A-,91,Semester 1,2026
STU202710341,Alicia,Jaafar,alicia.jaafar341@university.edu.my,0169694184,Information Technology,2025-01-10,Active,Database Systems,CS2201,3,B-,82,Semester 2,2025
STU202710342,Farid,Yusof,farid.yusof342@university.edu.my,0156906419,Software Engineering,2025-01-10,Active,Web Development,IT2202,3,B,82,Semester 1,2026
STU202710343,Farhana,Tan,farhana.tan343@university.edu.my,0187082419,Cyber Security,2025-01-10,Active,Database Systems,CS2201,4,C+,78,Semester 1,2026
STU202710344,Farid,Rahman,farid.rahman344@university.edu.my,0103193299,Software Engineering,2025-01-10,Active,Data Structures,CS2102,4,A-,93,Semester 1,2025
STU202710345,Aiman,Chong,aiman.chong345@university.edu.my,0137495434,Cyber Security,2025-01-10,Active,Network Security,CS3301,3,B+,89,Semester 1,2025
STU202710346,Jason,Hassan,jason.hassan346@university.edu.my,0119141143,Software Engineering,2025-01-10,Active,Web Development,IT2202,3,A-,93,Semester 2,2026
STU202710347,Alicia,Lim,alicia.lim347@university.edu.my,0148765525,Computer Science,2025-01-10,Active,Computer Networks,IT2301,3,B-,82,Semester 1,2026
STU202710348,Hanis,Yusof,hanis.yusof348@university.edu.my,0139539394,Computer Science,2025-01-10,Active,Cloud Computing,IT3301,4,B+,89,Semester 1,2026
STU202710349,Farhana,Hashim,farhana.hashim349@university.edu.my,0199544813,Computer Science,2025-01-10,Active,Machine Learning,CS4501,4,B-,82,Semester 1,2025
STU202710350,Daniel,Zulkifli,daniel.zulkifli350@university.edu.my,0183534133,Information Technology,2025-01-10,Active,Database Systems,CS2201,4,B-,80,Semester 2,2026
STU202710351,Hafiz,Mahmud,hafiz.mahmud351@university.edu.my,0167014522,Computer Science,2025-01-10,Active,Computer Networks,IT2301,4,B-,82,Semester 2,2026
STU202710352,Aiman,Wong,aiman.wong352@university.edu.my,0169773936,Cyber Security,2025-01-10,Active,Network Security,CS3301,3,A-,91,Semester 2,2026
STU202710353,Amir,Teoh,amir.teoh353@university.edu.my,0115054508,Software Engineering,2025-01-10,Graduated,Machine Learning,CS4501,4,B-,82,Semester 2,2026
STU202710354,Farid,Chong,farid.chong354@university.edu.my,0188519904,Computer Science,2025-01-10,Active,Network Security,CS3301,4,B-,78,Semester 1,2025
STU202710355,Hanis,Latif,hanis.latif355@university.edu.my,0163211363,Information Technology,2025-01-10,Active,Cloud Computing,IT3301,3,C+,74,Semester 2,2025
STU202710356,Alicia,Osman,alicia.osman356@university.edu.my,0197887344,Information Technology,2025-01-10,Active,Software Engineering,SE2201,4,B+,90,Semester 2,2026
STU202710357,Nurul,Jaafar,nurul.jaafar357@university.edu.my,0182324626,Software Engineering,2025-01-10,Graduated,Web Development,IT2202,3,B-,79,Semester 1,2026
STU202710358,Daniel,Lee,daniel.lee358@university.edu.my,0139365698,Computer Science,2025-01-10,Active,Artificial Intelligence,CS3501,4,C+,76,Semester 1,2026
STU202710359,Alicia,Hamid,alicia.hamid359@university.edu.my,0162777747,Computer Science,2025-01-10,Active,Data Structures,CS2102,3,B,82,Semester 2,2025
STU202710360,Hafiz,Lim,hafiz.lim360@university.edu.my,0106984561,Software Engineering,2025-01-10,Active,Artificial Intelligence,CS3501,4,B-,80,Semester 1,2025
STU202710361,Kevin,Ismail,kevin.ismail361@university.edu.my,0174578043,Software Engineering,2025-01-10,Active,Machine Learning,CS4501,4,B+,90,Semester 2,2026
STU202710362,Hafiz,Osman,hafiz.osman362@university.edu.my,0131371345,Information Technology,2025-01-10,Active,Database Systems,CS2201,3,A,95,Semester 1,2025
STU202710363,Siti,Hamid,siti.hamid363@university.edu.my,0105167722,Computer Science,2025-01-10,Active,Data Structures,CS2102,3,C+,76,Semester 2,2025
STU202710364,Farid,Zulkifli,farid.zulkifli364@university.edu.my,0168564906,Computer Science,2025-01-10,Active,Machine Learning,CS4501,4,B+,89,Semester 1,2026
STU202710365,Amir,Zulkifli,amir.zulkifli365@university.edu.my,0186155769,Software Engineering,2025-01-10,Graduated,Data Structures,CS2102,3,B,85,Semester 2,2025
STU202710366,Hafiz,Osman,hafiz.osman366@university.edu.my,0124141606,Software Engineering,2025-01-10,Active,Machine Learning,CS4501,4,B-,81,Semester 2,2026
STU202710367,Aiman,Ismail,aiman.ismail367@university.edu.my,0124715123,Software Engineering,2025-01-10,Active,Data Structures,CS2102,3,B-,80,Semester 1,2026
STU202710368,Siti,Jaafar,siti.jaafar368@university.edu.my,0137322731,Computer Science,2025-01-10,Active,Software Engineering,SE2201,4,C+,74,Semester 1,2026
STU202710369,Farhana,Jaafar,farhana.jaafar369@university.edu.my,0144086319,Information Technology,2025-01-10,Active,Software Engineering,SE2201,3,B-,82,Semester 2,2026
STU202710370,Aiman,Wong,aiman.wong370@university.edu.my,0176432514,Business Information Systems,2025-01-10,Active,Data Structures,CS2102,3,C+,75,Semester 2,2025
STU202710371,Farid,Wong,farid.wong371@university.edu.my,0133812087,Business Information Systems,2025-01-10,Graduated,Computer Networks,IT2301,3,B,82,Semester 1,2025
STU202710372,Faizal,Hashim,faizal.hashim372@university.edu.my,0149857390,Software Engineering,2025-01-10,Active,Web Development,IT2202,3,A-,92,Semester 2,2026
STU202710373,Aiman,Saleh,aiman.saleh373@university.edu.my,0126521869,Business Information Systems,2025-01-10,Active,Computer Networks,IT2301,4,B-,79,Semester 1,2026
STU202710374,Kevin,Teoh,kevin.teoh374@university.edu.my,0166753084,Business Information Systems,2025-01-10,Active,Software Engineering,SE2201,3,B+,87,Semester 1,2026
STU202710375,Faizal,Hashim,faizal.hashim375@university.edu.my,0125451787,Computer Science,2025-01-10,Graduated,Artificial Intelligence,CS3501,3,C+,77,Semester 2,2025
STU202710376,Daniel,Jaafar,daniel.jaafar376@university.edu.my,0115700820,Information Technology,2025-01-10,Active,Data Structures,CS2102,3,C+,75,Semester 1,2025
STU202710377,Farhana,Chong,farhana.chong377@university.edu.my,0151772398,Computer Science,2025-01-10,Active,Artificial Intelligence,CS3501,4,C+,74,Semester 1,2025
STU202710378,Sarah,Osman,sarah.osman378@university.edu.my,0185880636,Computer Science,2025-01-10,Graduated,Artificial Intelligence,CS3501,3,A-,92,Semester 2,2026
STU202710379,Nadia,Karim,nadia.karim379@university.edu.my,0172739594,Business Information Systems,2025-01-10,Active,Artificial Intelligence,CS3501,3,B-,82,Semester 1,2026
STU202710380,Melissa,Ali,melissa.ali380@university.edu.my,0163487295,Cyber Security,2025-01-10,Active,Artificial Intelligence,CS3501,3,B-,81,Semester 1,2025
STU202710381,Jason,Zulkifli,jason.zulkifli381@university.edu.my,0139383550,Business Information Systems,2025-01-10,Active,Software Engineering,SE2201,3,A,97,Semester 1,2025
STU202710382,Adam,Saleh,adam.saleh382@university.edu.my,0122509753,Information Technology,2025-01-10,Graduated,Database Systems,CS2201,3,B-,81,Semester 1,2025
STU202710383,Adam,Mahmud,adam.mahmud383@university.edu.my,0115558271,Business Information Systems,2025-01-10,Active,Computer Networks,IT2301,4,B+,88,Semester 1,2025
STU202710384,Hafiz,Mahmud,hafiz.mahmud384@university.edu.my,0178262616,Cyber Security,2025-01-10,Active,Data Structures,CS2102,3,A-,89,Semester 1,2026
STU202710385,Jason,Ali,jason.ali385@university.edu.my,0161112456,Business Information Systems,2025-01-10,Graduated,Web Development,IT2202,3,B,86,Semester 1,2025
STU202710386,Nurul,Mahmud,nurul.mahmud386@university.edu.my,0129518640,Business Information Systems,2025-01-10,Graduated,Data Structures,CS2102,3,B-,80,Semester 2,2025
STU202710387,Nurin,Osman,nurin.osman387@university.edu.my,0165654956,Cyber Security,2025-01-10,Active,Artificial Intelligence,CS3501,3,C+,78,Semester 1,2025
STU202710388,Siti,Rahman,siti.rahman388@university.edu.my,0176911227,Business Information Systems,2025-01-10,Graduated,Web Development,IT2202,4,B,85,Semester 1,2025
STU202710389,Adam,Hassan,adam.hassan389@university.edu.my,0189016592,Software Engineering,2025-01-10,Active,Software Engineering,SE2201,3,B-,79,Semester 1,2025
STU202710390,Amir,Hashim,amir.hashim390@university.edu.my,0154944507,Software Engineering,2025-01-10,Active,Database Systems,CS2201,3,A-,90,Semester 1,2026
STU202710391,Nurul,Hassan,nurul.hassan391@university.edu.my,0132511331,Software Engineering,2025-01-10,Graduated,Web Development,IT2202,4,A,94,Semester 1,2026
STU202710392,Aiman,Ali,aiman.ali392@university.edu.my,0133668947,Software Engineering,2025-01-10,Active,Software Engineering,SE2201,4,A,93,Semester 1,2025
STU202710393,Aisyah,Teoh,aisyah.teoh393@university.edu.my,0175324496,Cyber Security,2025-01-10,Active,Computer Networks,IT2301,4,C+,76,Semester 1,2025
STU202710394,Kevin,Ismail,kevin.ismail394@university.edu.my,0146824498,Cyber Security,2025-01-10,Active,Network Security,CS3301,3,C+,78,Semester 2,2026
STU202710395,Aiman,Lim,aiman.lim395@university.edu.my,0181390193,Business Information Systems,2025-01-10,Active,Artificial Intelligence,CS3501,4,B+,86,Semester 1,2025
STU202710396,Nurin,Tan,nurin.tan396@university.edu.my,0113062953,Business Information Systems,2025-01-10,Graduated,Cloud Computing,IT3301,3,C+,76,Semester 1,2026
STU202710397,Aiman,Hassan,aiman.hassan397@university.edu.my,0174585382,Software Engineering,2025-01-10,Active,Data Structures,CS2102,3,A,95,Semester 2,2026
STU202710398,Faizal,Ali,faizal.ali398@university.edu.my,0122593816,Software Engineering,2025-01-10,Active,Database Systems,CS2201,3,B,86,Semester 2,2026
STU202710399,Adam,Rahman,adam.rahman399@university.edu.my,0132522522,Software Engineering,2025-01-10,Graduated,Web Development,IT2202,4,C+,76,Semester 2,2025
STU202710400,Nurul,Ali,nurul.ali400@university.edu.my,0135332998,Information Technology,2025-01-10,Active,Data Structures,CS2102,3,B+,87,Semester 1,2025
STU202710401,Faizal,Tan,faizal.tan401@university.edu.my,0179212416,Business Information Systems,2025-01-10,Active,Artificial Intelligence,CS3501,4,B-,81,Semester 1,2026
STU202710402,Hanis,Mahmud,hanis.mahmud402@university.edu.my,0198816693,Software Engineering,2025-01-10,Active,Database Systems,CS2201,3,B-,82,Semester 2,2026
STU202710403,Siti,Karim,siti.karim403@university.edu.my,0156844282,Computer Science,2025-01-10,Graduated,Computer Networks,IT2301,3,B-,81,Semester 2,2026
STU202710404,Aisyah,Chong,aisyah.chong404@university.edu.my,0153021850,Cyber Security,2025-01-10,Active,Web Development,IT2202,3,C+,78,Semester 2,2025
STU202710405,Aisyah,Wong,aisyah.wong405@university.edu.my,0162473839,Information Technology,2025-01-10,Graduated,Software Engineering,SE2201,4,B-,78,Semester 2,2026
STU202710406,Adam,Jaafar,adam.jaafar406@university.edu.my,0141612766,Computer Science,2025-01-10,Active,Digital Forensics,CS4401,3,B-,79,Semester 2,2026
STU202710407,Ahmad,Ali,ahmad.ali407@university.edu.my,0138791987,Software Engineering,2025-01-10,Active,Web Development,IT2202,4,A,95,Semester 1,2026
STU202710408,Nurul,Karim,nurul.karim408@university.edu.my,0152022145,Cyber Security,2025-01-10,Graduated,Database Systems,CS2201,4,A,93,Semester 2,2026
STU202710409,Daniel,Hamid,daniel.hamid409@university.edu.my,0167816651,Computer Science,2025-01-10,Active,Network Security,CS3301,3,B,83,Semester 2,2026
STU202710410,Hanis,Lim,hanis.lim410@university.edu.my,0103245044,Information Technology,2025-01-10,Graduated,Artificial Intelligence,CS3501,4,C+,76,Semester 1,2026
STU202710411,Daniel,Hamid,daniel.hamid411@university.edu.my,0139417335,Business Information Systems,2025-01-10,Graduated,Artificial Intelligence,CS3501,4,B+,89,Semester 2,2026
STU202710412,Hanis,Mahmud,hanis.mahmud412@university.edu.my,0104937274,Cyber Security,2025-01-10,Active,Web Development,IT2202,3,C+,78,Semester 1,2025
STU202710413,Faizal,Karim,faizal.karim413@university.edu.my,0192961010,Cyber Security,2025-01-10,Active,Web Development,IT2202,4,A,93,Semester 1,2026
STU202710414,Alicia,Chong,alicia.chong414@university.edu.my,0162811732,Cyber Security,2025-01-10,Graduated,Network Security,CS3301,4,A-,89,Semester 2,2025
STU202710415,Melissa,Saleh,melissa.saleh415@university.edu.my,0183682249,Business Information Systems,2025-01-10,Active,Software Engineering,SE2201,3,B+,89,Semester 1,2026
STU202710416,Hafiz,Tan,hafiz.tan416@university.edu.my,0126112332,Software Engineering,2025-01-10,Graduated,Database Systems,CS2201,4,B+,88,Semester 1,2025
STU202710417,Nadia,Chong,nadia.chong417@university.edu.my,0169166853,Computer Science,2025-01-10,Graduated,Software Engineering,SE2201,4,B+,87,Semester 2,2025
STU202710418,Siti,Zulkifli,siti.zulkifli418@university.edu.my,0159276353,Business Information Systems,2025-01-10,Active,Data Structures,CS2102,3,C+,75,Semester 2,2025
STU202710419,Sarah,Wong,sarah.wong419@university.edu.my,0134103746,Software Engineering,2025-01-10,Active,Data Structures,CS2102,3,A-,92,Semester 1,2026
STU202710420,Siti,Osman,siti.osman420@university.edu.my,0118895231,Business Information Systems,2025-01-10,Active,Network Security,CS3301,3,A,93,Semester 1,2026
STU202710421,Aiman,Saleh,aiman.saleh421@university.edu.my,0196001107,Business Information Systems,2025-01-10,Active,Machine Learning,CS4501,3,C+,77,Semester 2,2025
STU202710422,Adam,Ali,adam.ali422@university.edu.my,0182308688,Computer Science,2025-01-10,Active,Computer Networks,IT2301,4,C+,78,Semester 2,2026
STU202710423,Ahmad,Tan,ahmad.tan423@university.edu.my,0116174328,Computer Science,2025-01-10,Active,Data Structures,CS2102,4,B,83,Semester 1,2026
STU202710424,Ahmad,Lim,ahmad.lim424@university.edu.my,0154354813,Cyber Security,2025-01-10,Active,Machine Learning,CS4501,3,B,84,Semester 2,2026
STU202710425,Amir,Osman,amir.osman425@university.edu.my,0102756788,Software Engineering,2025-01-10,Graduated,Digital Forensics,CS4401,3,B-,79,Semester 2,2025
STU202710426,Amir,Hashim,amir.hashim426@university.edu.my,0127409756,Information Technology,2025-01-10,Active,Cloud Computing,IT3301,3,B+,88,Semester 2,2026
STU202710427,Nurul,Hamid,nurul.hamid427@university.edu.my,0135497396,Information Technology,2025-01-10,Active,Cloud Computing,IT3301,4,C+,74,Semester 2,2026
STU202710428,Farhana,Hamid,farhana.hamid428@university.edu.my,0119352457,Computer Science,2025-01-10,Active,Software Engineering,SE2201,4,C+,78,Semester 2,2026
STU202710429,Aiman,Chong,aiman.chong429@university.edu.my,0196827062,Cyber Security,2025-01-10,Graduated,Network Security,CS3301,3,A-,92,Semester 1,2025
STU202710430,Nadia,Wong,nadia.wong430@university.edu.my,0115358823,Cyber Security,2025-01-10,Active,Machine Learning,CS4501,4,B,85,Semester 2,2026
STU202710431,Ahmad,Karim,ahmad.karim431@university.edu.my,0129847545,Computer Science,2025-01-10,Active,Data Structures,CS2102,3,A-,89,Semester 2,2025
STU202710432,Alicia,Hassan,alicia.hassan432@university.edu.my,0116592832,Computer Science,2025-01-10,Active,Network Security,CS3301,3,C+,74,Semester 2,2025
STU202710433,Kevin,Mahmud,kevin.mahmud433@university.edu.my,0116617661,Business Information Systems,2025-01-10,Active,Network Security,CS3301,4,A,94,Semester 2,2025
STU202710434,Farhana,Ali,farhana.ali434@university.edu.my,0178808606,Computer Science,2025-01-10,Active,Database Systems,CS2201,4,C+,77,Semester 1,2025
STU202710435,Hanis,Osman,hanis.osman435@university.edu.my,0164276105,Software Engineering,2025-01-10,Graduated,Data Structures,CS2102,4,A-,91,Semester 2,2026
STU202710436,Kevin,Lim,kevin.lim436@university.edu.my,0162279971,Computer Science,2025-01-10,Active,Computer Networks,IT2301,4,B+,90,Semester 2,2025
STU202710437,Faizal,Hassan,faizal.hassan437@university.edu.my,0152577397,Information Technology,2025-01-10,Graduated,Artificial Intelligence,CS3501,4,A,93,Semester 2,2026
STU202710438,Hafiz,Saleh,hafiz.saleh438@university.edu.my,0128793583,Information Technology,2025-01-10,Active,Data Structures,CS2102,4,A,95,Semester 1,2026
STU202710439,Sarah,Osman,sarah.osman439@university.edu.my,0183411670,Business Information Systems,2025-01-10,Graduated,Software Engineering,SE2201,3,B,86,Semester 1,2025
STU202710440,Adam,Teoh,adam.teoh440@university.edu.my,0173107990,Computer Science,2025-01-10,Active,Data Structures,CS2102,3,A-,92,Semester 2,2025
STU202710441,Adam,Jaafar,adam.jaafar441@university.edu.my,0115779082,Business Information Systems,2025-01-10,Graduated,Cloud Computing,IT3301,3,C+,76,Semester 1,2025
STU202710442,Siti,Hamid,siti.hamid442@university.edu.my,0156164875,Cyber Security,2025-01-10,Graduated,Network Security,CS3301,3,C+,77,Semester 1,2025
STU202710443,Hafiz,Lee,hafiz.lee443@university.edu.my,0114040004,Cyber Security,2025-01-10,Active,Digital Forensics,CS4401,4,A,95,Semester 1,2026
STU202710444,Nurul,Osman,nurul.osman444@university.edu.my,0164430947,Cyber Security,2025-01-10,Active,Computer Networks,IT2301,3,C+,78,Semester 2,2026
STU202710445,Amir,Osman,amir.osman445@university.edu.my,0122577197,Information Technology,2025-01-10,Active,Data Structures,CS2102,4,B,84,Semester 2,2025
STU202710446,Faizal,Teoh,faizal.teoh446@university.edu.my,0102461298,Software Engineering,2025-01-10,Active,Database Systems,CS2201,4,A,96,Semester 1,2026
STU202710447,Adam,Teoh,adam.teoh447@university.edu.my,0194527273,Computer Science,2025-01-10,Graduated,Network Security,CS3301,3,B,82,Semester 2,2025
STU202710448,Jason,Hamid,jason.hamid448@university.edu.my,0189653366,Information Technology,2025-01-10,Active,Software Engineering,SE2201,4,B-,80,Semester 2,2025
STU202710449,Hafiz,Jaafar,hafiz.jaafar449@university.edu.my,0159106029,Software Engineering,2025-01-10,Active,Web Development,IT2202,3,B,82,Semester 2,2025
STU202710450,Hafiz,Hamid,hafiz.hamid450@university.edu.my,0103504548,Cyber Security,2025-01-10,Active,Web Development,IT2202,4,A-,89,Semester 1,2026
STU202710451,Amir,Wong,amir.wong451@university.edu.my,0147180986,Computer Science,2025-01-10,Active,Cloud Computing,IT3301,3,B,84,Semester 2,2026
STU202710452,Sarah,Chong,sarah.chong452@university.edu.my,0198932536,Software Engineering,2025-01-10,Active,Database Systems,CS2201,3,B+,87,Semester 2,2025
STU202710453,Kevin,Jaafar,kevin.jaafar453@university.edu.my,0156171156,Computer Science,2025-01-10,Active,Cloud Computing,IT3301,3,B+,90,Semester 1,2025
STU202710454,Kevin,Teoh,kevin.teoh454@university.edu.my,0171929217,Computer Science,2025-01-10,Active,Computer Networks,IT2301,3,A,93,Semester 2,2025
STU202710455,Aisyah,Chong,aisyah.chong455@university.edu.my,0114964954,Business Information Systems,2025-01-10,Active,Cloud Computing,IT3301,4,A,97,Semester 2,2025
STU202710456,Ahmad,Teoh,ahmad.teoh456@university.edu.my,0134602754,Business Information Systems,2025-01-10,Active,Software Engineering,SE2201,3,A-,89,Semester 1,2026
STU202710457,Faizal,Teoh,faizal.teoh457@university.edu.my,0164392671,Computer Science,2025-01-10,Graduated,Web Development,IT2202,4,B,86,Semester 1,2026
STU202710458,Nurin,Rahman,nurin.rahman458@university.edu.my,0188851124,Cyber Security,2025-01-10,Graduated,Cloud Computing,IT3301,3,A-,93,Semester 1,2026
STU202710459,Alicia,Osman,alicia.osman459@university.edu.my,0195947328,Software Engineering,2025-01-10,Graduated,Machine Learning,CS4501,4,B,84,Semester 1,2026
STU202710460,Melissa,Ismail,melissa.ismail460@university.edu.my,0161457334,Business Information Systems,2025-01-10,Active,Machine Learning,CS4501,4,C+,76,Semester 2,2026
STU202710461,Aisyah,Ismail,aisyah.ismail461@university.edu.my,0199106308,Information Technology,2025-01-10,Graduated,Digital Forensics,CS4401,3,A-,91,Semester 2,2026
STU202710462,Nurul,Yusof,nurul.yusof462@university.edu.my,0192860950,Information Technology,2025-01-10,Active,Computer Networks,IT2301,4,B+,87,Semester 2,2026
STU202710463,Aisyah,Lim,aisyah.lim463@university.edu.my,0198277682,Information Technology,2025-01-10,Active,Computer Networks,IT2301,4,B+,90,Semester 1,2026
STU202710464,Jason,Ali,jason.ali464@university.edu.my,0126219269,Computer Science,2025-01-10,Active,Database Systems,CS2201,3,B-,80,Semester 2,2025
STU202710465,Nadia,Jaafar,nadia.jaafar465@university.edu.my,0148165794,Information Technology,2025-01-10,Active,Database Systems,CS2201,3,C+,78,Semester 2,2025
STU202710466,Aiman,Zulkifli,aiman.zulkifli466@university.edu.my,0136529359,Computer Science,2025-01-10,Active,Web Development,IT2202,3,B+,89,Semester 2,2025
STU202710467,Hafiz,Lim,hafiz.lim467@university.edu.my,0127235298,Computer Science,2025-01-10,Active,Computer Networks,IT2301,3,B-,82,Semester 1,2026
STU202710468,Nurin,Mahmud,nurin.mahmud468@university.edu.my,0134325073,Computer Science,2025-01-10,Active,Data Structures,CS2102,3,B,86,Semester 2,2026
STU202710469,Ahmad,Hashim,ahmad.hashim469@university.edu.my,0149643505,Information Technology,2025-01-10,Active,Network Security,CS3301,3,C+,74,Semester 1,2025
STU202710470,Siti,Yusof,siti.yusof470@university.edu.my,0136222126,Business Information Systems,2025-01-10,Graduated,Software Engineering,SE2201,3,A,93,Semester 2,2025
STU202710471,Kevin,Hashim,kevin.hashim471@university.edu.my,0154542675,Software Engineering,2025-01-10,Active,Digital Forensics,CS4401,3,B,84,Semester 2,2025
STU202710472,Kevin,Wong,kevin.wong472@university.edu.my,0179269533,Cyber Security,2025-01-10,Active,Database Systems,CS2201,3,B-,82,Semester 1,2026
STU202710473,Nadia,Karim,nadia.karim473@university.edu.my,0187510614,Computer Science,2025-01-10,Active,Data Structures,CS2102,3,A,93,Semester 2,2026
STU202710474,Nurin,Lim,nurin.lim474@university.edu.my,0166516313,Information Technology,2025-01-10,Active,Cloud Computing,IT3301,4,A,95,Semester 1,2026
STU202710475,Kevin,Chong,kevin.chong475@university.edu.my,0159775243,Cyber Security,2025-01-10,Active,Web Development,IT2202,3,C+,76,Semester 1,2025
STU202710476,Ahmad,Mahmud,ahmad.mahmud476@university.edu.my,0124556720,Information Technology,2025-01-10,Active,Digital Forensics,CS4401,3,C+,78,Semester 2,2025
STU202710477,Nadia,Hamid,nadia.hamid477@university.edu.my,0144320547,Business Information Systems,2025-01-10,Active,Software Engineering,SE2201,3,B,85,Semester 1,2025
STU202710478,Daniel,Mahmud,daniel.mahmud478@university.edu.my,0108582726,Business Information Systems,2025-01-10,Graduated,Software Engineering,SE2201,3,A-,89,Semester 1,2026
STU202710479,Aisyah,Yusof,aisyah.yusof479@university.edu.my,0126289145,Software Engineering,2025-01-10,Active,Cloud Computing,IT3301,4,B,85,Semester 2,2026
STU202710480,Aiman,Teoh,aiman.teoh480@university.edu.my,0153958683,Computer Science,2025-01-10,Active,Data Structures,CS2102,4,B-,81,Semester 1,2025
STU202710481,Nadia,Zulkifli,nadia.zulkifli481@university.edu.my,0178888818,Computer Science,2025-01-10,Active,Artificial Intelligence,CS3501,3,B,86,Semester 2,2025
STU202710482,Nadia,Latif,nadia.latif482@university.edu.my,0106257816,Business Information Systems,2025-01-10,Graduated,Database Systems,CS2201,4,B+,87,Semester 1,2025
STU202710483,Nadia,Saleh,nadia.saleh483@university.edu.my,0163135916,Software Engineering,2025-01-10,Active,Machine Learning,CS4501,4,B,86,Semester 2,2025
STU202710484,Faizal,Ali,faizal.ali484@university.edu.my,0168786809,Computer Science,2025-01-10,Active,Computer Networks,IT2301,4,A-,90,Semester 1,2025
STU202710485,Jason,Tan,jason.tan485@university.edu.my,0147345137,Computer Science,2025-01-10,Active,Web Development,IT2202,4,A,93,Semester 1,2025
STU202710486,Faizal,Rahman,faizal.rahman486@university.edu.my,0195493891,Software Engineering,2025-01-10,Active,Artificial Intelligence,CS3501,4,A,97,Semester 2,2026
STU202710487,Hafiz,Hassan,hafiz.hassan487@university.edu.my,0139054210,Software Engineering,2025-01-10,Active,Database Systems,CS2201,4,B+,86,Semester 1,2025
STU202710488,Jason,Lee,jason.lee488@university.edu.my,0115894730,Information Technology,2025-01-10,Graduated,Machine Learning,CS4501,4,B,85,Semester 1,2025
STU202710489,Farhana,Tan,farhana.tan489@university.edu.my,0161744726,Computer Science,2025-01-10,Graduated,Artificial Intelligence,CS3501,4,B-,79,Semester 2,2025
STU202710490,Farid,Ali,farid.ali490@university.edu.my,0112629177,Computer Science,2025-01-10,Active,Cloud Computing,IT3301,3,B-,82,Semester 1,2025
STU202710491,Hanis,Zulkifli,hanis.zulkifli491@university.edu.my,0147425392,Software Engineering,2025-01-10,Active,Web Development,IT2202,3,C+,77,Semester 1,2026
STU202710492,Nadia,Karim,nadia.karim492@university.edu.my,0114943044,Cyber Security,2025-01-10,Graduated,Data Structures,CS2102,4,C+,75,Semester 2,2026
STU202710493,Ahmad,Karim,ahmad.karim493@university.edu.my,0103189369,Cyber Security,2025-01-10,Active,Machine Learning,CS4501,3,A,94,Semester 2,2025
STU202710494,Hanis,Ali,hanis.ali494@university.edu.my,0169863187,Software Engineering,2025-01-10,Active,Digital Forensics,CS4401,3,B+,87,Semester 1,2025
STU202710495,Hanis,Latif,hanis.latif495@university.edu.my,0177496215,Cyber Security,2025-01-10,Graduated,Cloud Computing,IT3301,3,A,93,Semester 2,2025
STU202710496,Sarah,Osman,sarah.osman496@university.edu.my,0169128200,Software Engineering,2025-01-10,Active,Artificial Intelligence,CS3501,3,B+,89,Semester 1,2026
STU202710497,Hanis,Rahman,hanis.rahman497@university.edu.my,0169339262,Computer Science,2025-01-10,Active,Software Engineering,SE2201,4,C+,78,Semester 2,2026
STU202710498,Hanis,Rahman,hanis.rahman498@university.edu.my,0143913624,Cyber Security,2025-01-10,Active,Digital Forensics,CS4401,4,B+,86,Semester 2,2026
STU202710499,Nadia,Yusof,nadia.yusof499@university.edu.my,0154423966,Cyber Security,2025-01-10,Active,Cloud Computing,IT3301,3,B,85,Semester 2,2026
STU202710500,Siti,Ismail,siti.ismail500@university.edu.my,0127674754,Information Technology,2025-01-10,Active,Web Development,IT2202,4,B,83,Semester 1,2025
STU202710501,Sarah,Latif,sarah.latif501@university.edu.my,0182629061,Computer Science,2025-01-10,Active,Machine Learning,CS4501,4,B,86,Semester 2,2026
STU202710502,Kevin,Hashim,kevin.hashim502@university.edu.my,0132961258,Software Engineering,2025-01-10,Active,Data Structures,CS2102,3,B-,82,Semester 1,2025
STU202710503,Aisyah,Wong,aisyah.wong503@university.edu.my,0183179565,Cyber Security,2025-01-10,Active,Data Structures,CS2102,4,B,85,Semester 2,2025
STU202710504,Melissa,Mahmud,melissa.mahmud504@university.edu.my,0145322292,Cyber Security,2025-01-10,Active,Machine Learning,CS4501,4,B-,82,Semester 2,2025
STU202710505,Sarah,Yusof,sarah.yusof505@university.edu.my,0177800398,Business Information Systems,2025-01-10,Active,Software Engineering,SE2201,3,A,96,Semester 2,2025
STU202710506,Daniel,Ismail,daniel.ismail506@university.edu.my,0102262853,Information Technology,2025-01-10,Active,Cloud Computing,IT3301,4,A-,93,Semester 1,2026
STU202710507,Ahmad,Mahmud,ahmad.mahmud507@university.edu.my,0186796561,Software Engineering,2025-01-10,Active,Cloud Computing,IT3301,4,A,97,Semester 1,2026
STU202710508,Nurul,Chong,nurul.chong508@university.edu.my,0161440713,Business Information Systems,2025-01-10,Active,Data Structures,CS2102,4,B-,81,Semester 2,2025
STU202710509,Farhana,Osman,farhana.osman509@university.edu.my,0143426870,Cyber Security,2025-01-10,Active,Digital Forensics,CS4401,3,B+,89,Semester 1,2026
STU202710510,Adam,Tan,adam.tan510@university.edu.my,0188116826,Business Information Systems,2025-01-10,Graduated,Artificial Intelligence,CS3501,4,A,94,Semester 1,2026
STU202710511,Faizal,Ismail,faizal.ismail511@university.edu.my,0145915885,Computer Science,2025-01-10,Active,Digital Forensics,CS4401,3,B+,89,Semester 2,2025
STU202710512,Kevin,Tan,kevin.tan512@university.edu.my,0146497944,Business Information Systems,2025-01-10,Active,Software Engineering,SE2201,4,B-,78,Semester 2,2025
STU202710513,Amir,Hassan,amir.hassan513@university.edu.my,0171494064,Information Technology,2025-01-10,Active,Web Development,IT2202,4,C+,76,Semester 1,2026
STU202710514,Jason,Saleh,jason.saleh514@university.edu.my,0143583974,Information Technology,2025-01-10,Active,Artificial Intelligence,CS3501,3,A-,92,Semester 2,2025
STU202710515,Faizal,Lee,faizal.lee515@university.edu.my,0123740827,Software Engineering,2025-01-10,Graduated,Digital Forensics,CS4401,3,B-,78,Semester 2,2025
STU202710516,Aiman,Hashim,aiman.hashim516@university.edu.my,0111430856,Business Information Systems,2025-01-10,Active,Web Development,IT2202,3,A,93,Semester 2,2026
STU202710517,Farid,Jaafar,farid.jaafar517@university.edu.my,0122703811,Software Engineering,2025-01-10,Active,Database Systems,CS2201,3,C+,77,Semester 1,2025
STU202710518,Kevin,Chong,kevin.chong518@university.edu.my,0129980203,Computer Science,2025-01-10,Active,Machine Learning,CS4501,4,A,97,Semester 2,2025
STU202710519,Nadia,Wong,nadia.wong519@university.edu.my,0167926340,Computer Science,2025-01-10,Active,Machine Learning,CS4501,4,A-,89,Semester 2,2025
STU202710520,Kevin,Lee,kevin.lee520@university.edu.my,0151708569,Computer Science,2025-01-10,Active,Database Systems,CS2201,4,A-,92,Semester 2,2026
STU202710521,Hanis,Wong,hanis.wong521@university.edu.my,0128858858,Information Technology,2025-01-10,Active,Artificial Intelligence,CS3501,4,A,93,Semester 1,2025
STU202710522,Farid,Ismail,farid.ismail522@university.edu.my,0178663468,Cyber Security,2025-01-10,Graduated,Cloud Computing,IT3301,3,C+,77,Semester 1,2025
STU202710523,Aiman,Karim,aiman.karim523@university.edu.my,0136665087,Information Technology,2025-01-10,Graduated,Software Engineering,SE2201,4,A-,93,Semester 1,2026
STU202710524,Farhana,Hashim,farhana.hashim524@university.edu.my,0195544918,Information Technology,2025-01-10,Active,Database Systems,CS2201,3,B-,78,Semester 1,2026
STU202710525,Amir,Wong,amir.wong525@university.edu.my,0129531402,Information Technology,2025-01-10,Active,Web Development,IT2202,4,C+,78,Semester 1,2026
STU202710526,Melissa,Saleh,melissa.saleh526@university.edu.my,0129444886,Cyber Security,2025-01-10,Active,Software Engineering,SE2201,4,C+,74,Semester 2,2025
STU202710527,Nurul,Ismail,nurul.ismail527@university.edu.my,0172695125,Information Technology,2025-01-10,Active,Machine Learning,CS4501,3,B+,88,Semester 2,2025
STU202710528,Sarah,Hashim,sarah.hashim528@university.edu.my,0189697544,Information Technology,2025-01-10,Graduated,Digital Forensics,CS4401,3,B-,80,Semester 2,2025
STU202710529,Ahmad,Saleh,ahmad.saleh529@university.edu.my,0165050188,Computer Science,2025-01-10,Active,Data Structures,CS2102,3,C+,75,Semester 1,2025
STU202710530,Kevin,Hassan,kevin.hassan530@university.edu.my,0174664504,Information Technology,2025-01-10,Active,Web Development,IT2202,3,B,83,Semester 2,2026
STU202710531,Adam,Hassan,adam.hassan531@university.edu.my,0109065152,Cyber Security,2025-01-10,Active,Data Structures,CS2102,3,A,94,Semester 1,2025
STU202710532,Hafiz,Jaafar,hafiz.jaafar532@university.edu.my,0176442828,Information Technology,2025-01-10,Active,Database Systems,CS2201,4,B-,79,Semester 2,2025
STU202710533,Ahmad,Karim,ahmad.karim533@university.edu.my,0127687639,Software Engineering,2025-01-10,Active,Network Security,CS3301,4,C+,78,Semester 2,2026
STU202710534,Ahmad,Hassan,ahmad.hassan534@university.edu.my,0169197505,Computer Science,2025-01-10,Active,Artificial Intelligence,CS3501,4,B-,81,Semester 1,2025
STU202710535,Kevin,Hassan,kevin.hassan535@university.edu.my,0178741685,Computer Science,2025-01-10,Active,Data Structures,CS2102,3,B-,82,Semester 1,2025
STU202710536,Farid,Jaafar,farid.jaafar536@university.edu.my,0183874378,Cyber Security,2025-01-10,Active,Web Development,IT2202,3,A,94,Semester 1,2025
STU202710537,Nadia,Mahmud,nadia.mahmud537@university.edu.my,0187845872,Software Engineering,2025-01-10,Active,Digital Forensics,CS4401,3,B+,89,Semester 1,2026
STU202710538,Siti,Hassan,siti.hassan538@university.edu.my,0139163669,Computer Science,2025-01-10,Graduated,Digital Forensics,CS4401,3,B-,82,Semester 1,2026
STU202710539,Farhana,Yusof,farhana.yusof539@university.edu.my,0149974479,Cyber Security,2025-01-10,Graduated,Network Security,CS3301,3,B,86,Semester 2,2025
STU202710540,Jason,Ismail,jason.ismail540@university.edu.my,0156838474,Software Engineering,2025-01-10,Active,Database Systems,CS2201,4,B-,79,Semester 2,2026
STU202710541,Daniel,Rahman,daniel.rahman541@university.edu.my,0118513872,Business Information Systems,2025-01-10,Graduated,Database Systems,CS2201,3,B+,89,Semester 1,2025
STU202710542,Sarah,Jaafar,sarah.jaafar542@university.edu.my,0193864043,Information Technology,2025-01-10,Active,Computer Networks,IT2301,4,B,82,Semester 2,2025
STU202710543,Adam,Ismail,adam.ismail543@university.edu.my,0199542938,Software Engineering,2025-01-10,Active,Machine Learning,CS4501,4,A,96,Semester 2,2026
STU202710544,Farhana,Osman,farhana.osman544@university.edu.my,0166923712,Information Technology,2025-01-10,Active,Machine Learning,CS4501,4,A-,92,Semester 2,2025
STU202710545,Adam,Karim,adam.karim545@university.edu.my,0134845958,Business Information Systems,2025-01-10,Active,Machine Learning,CS4501,3,B+,88,Semester 1,2025
STU202710546,Hafiz,Karim,hafiz.karim546@university.edu.my,0151321562,Software Engineering,2025-01-10,Active,Software Engineering,SE2201,4,B+,89,Semester 2,2025
STU202710547,Faizal,Mahmud,faizal.mahmud547@university.edu.my,0185957507,Business Information Systems,2025-01-10,Active,Database Systems,CS2201,4,B+,86,Semester 2,2026
STU202710548,Nurin,Hamid,nurin.hamid548@university.edu.my,0173504350,Software Engineering,2025-01-10,Graduated,Computer Networks,IT2301,4,B+,88,Semester 2,2025
STU202710549,Adam,Latif,adam.latif549@university.edu.my,0122147033,Business Information Systems,2025-01-10,Active,Database Systems,CS2201,4,B,85,Semester 1,2026
STU202710550,Farid,Lim,farid.lim550@university.edu.my,0132185016,Business Information Systems,2025-01-10,Active,Web Development,IT2202,3,C+,77,Semester 2,2025
STU202710551,Ahmad,Zulkifli,ahmad.zulkifli551@university.edu.my,0156371359,Computer Science,2025-01-10,Active,Data Structures,CS2102,4,B+,89,Semester 1,2026
STU202710552,Aisyah,Ali,aisyah.ali552@university.edu.my,0165116569,Cyber Security,2025-01-10,Graduated,Network Security,CS3301,4,A-,93,Semester 1,2026
STU202710553,Jason,Jaafar,jason.jaafar553@university.edu.my,0159254776,Cyber Security,2025-01-10,Active,Database Systems,CS2201,3,A,93,Semester 1,2026
STU202710554,Kevin,Saleh,kevin.saleh554@university.edu.my,0175433878,Software Engineering,2025-01-10,Active,Software Engineering,SE2201,3,B+,87,Semester 1,2025
STU202710555,Aiman,Saleh,aiman.saleh555@university.edu.my,0162704791,Cyber Security,2025-01-10,Graduated,Software Engineering,SE2201,3,C+,76,Semester 1,2026
STU202710556,Adam,Latif,adam.latif556@university.edu.my,0131032718,Computer Science,2025-01-10,Active,Digital Forensics,CS4401,3,B-,79,Semester 1,2025
STU202710557,Jason,Wong,jason.wong557@university.edu.my,0152523317,Software Engineering,2025-01-10,Active,Digital Forensics,CS4401,3,B-,82,Semester 2,2025
STU202710558,Hanis,Mahmud,hanis.mahmud558@university.edu.my,0152167254,Information Technology,2025-01-10,Active,Machine Learning,CS4501,3,B+,90,Semester 1,2025
STU202710559,Amir,Zulkifli,amir.zulkifli559@university.edu.my,0197837270,Software Engineering,2025-01-10,Graduated,Computer Networks,IT2301,3,B,82,Semester 2,2025
STU202710560,Alicia,Hamid,alicia.hamid560@university.edu.my,0188669933,Business Information Systems,2025-01-10,Active,Artificial Intelligence,CS3501,3,A,97,Semester 1,2025
STU202710561,Hafiz,Rahman,hafiz.rahman561@university.edu.my,0102983164,Software Engineering,2025-01-10,Active,Web Development,IT2202,4,C+,78,Semester 2,2025
STU202710562,Alicia,Latif,alicia.latif562@university.edu.my,0119013043,Business Information Systems,2025-01-10,Active,Data Structures,CS2102,4,A,93,Semester 2,2026
STU202710563,Hafiz,Teoh,hafiz.teoh563@university.edu.my,0197034839,Cyber Security,2025-01-10,Active,Computer Networks,IT2301,4,A,97,Semester 2,2026
STU202710564,Farid,Rahman,farid.rahman564@university.edu.my,0199860830,Software Engineering,2025-01-10,Graduated,Machine Learning,CS4501,3,C+,74,Semester 2,2026
STU202710565,Farid,Lim,farid.lim565@university.edu.my,0134360242,Cyber Security,2025-01-10,Graduated,Software Engineering,SE2201,3,A-,90,Semester 1,2026
STU202710566,Nurin,Saleh,nurin.saleh566@university.edu.my,0168937835,Business Information Systems,2025-01-10,Active,Cloud Computing,IT3301,3,C+,75,Semester 1,2026
STU202710567,Farid,Rahman,farid.rahman567@university.edu.my,0132936759,Information Technology,2025-01-10,Graduated,Artificial Intelligence,CS3501,4,B,84,Semester 1,2025
STU202710568,Faizal,Wong,faizal.wong568@university.edu.my,0145985644,Software Engineering,2025-01-10,Active,Digital Forensics,CS4401,3,B-,82,Semester 1,2025
STU202710569,Ahmad,Hashim,ahmad.hashim569@university.edu.my,0115604032,Business Information Systems,2025-01-10,Active,Network Security,CS3301,4,C+,78,Semester 1,2026
STU202710570,Hanis,Hamid,hanis.hamid570@university.edu.my,0105988490,Software Engineering,2025-01-10,Graduated,Artificial Intelligence,CS3501,3,C+,76,Semester 1,2026
STU202710571,Nurul,Mahmud,nurul.mahmud571@university.edu.my,0129130220,Computer Science,2025-01-10,Active,Artificial Intelligence,CS3501,3,A,93,Semester 2,2025
STU202710572,Kevin,Hashim,kevin.hashim572@university.edu.my,0183293221,Computer Science,2025-01-10,Active,Computer Networks,IT2301,4,A,94,Semester 1,2026
STU202710573,Adam,Ali,adam.ali573@university.edu.my,0142949556,Computer Science,2025-01-10,Active,Computer Networks,IT2301,3,C+,78,Semester 2,2026
STU202710574,Jason,Hashim,jason.hashim574@university.edu.my,0151079049,Cyber Security,2025-01-10,Active,Network Security,CS3301,4,A,94,Semester 2,2025
STU202710575,Amir,Mahmud,amir.mahmud575@university.edu.my,0173216294,Business Information Systems,2025-01-10,Active,Artificial Intelligence,CS3501,4,B,85,Semester 1,2026
STU202710576,Nurul,Zulkifli,nurul.zulkifli576@university.edu.my,0165047074,Information Technology,2025-01-10,Active,Network Security,CS3301,3,A-,92,Semester 2,2026
STU202710577,Siti,Karim,siti.karim577@university.edu.my,0199243327,Software Engineering,2025-01-10,Graduated,Artificial Intelligence,CS3501,4,B,84,Semester 2,2026
STU202710578,Adam,Karim,adam.karim578@university.edu.my,0104112113,Cyber Security,2025-01-10,Active,Database Systems,CS2201,4,B+,90,Semester 1,2026
STU202710579,Aiman,Osman,aiman.osman579@university.edu.my,0136624962,Software Engineering,2025-01-10,Graduated,Computer Networks,IT2301,3,B-,81,Semester 1,2026
STU202710580,Nurul,Ismail,nurul.ismail580@university.edu.my,0184475286,Computer Science,2025-01-10,Active,Network Security,CS3301,4,A-,91,Semester 1,2025
STU202710581,Melissa,Latif,melissa.latif581@university.edu.my,0106980817,Business Information Systems,2025-01-10,Active,Network Security,CS3301,4,B,86,Semester 1,2026
STU202710582,Farhana,Lee,farhana.lee582@university.edu.my,0156028907,Software Engineering,2025-01-10,Active,Machine Learning,CS4501,4,C+,77,Semester 1,2026
STU202710583,Adam,Saleh,adam.saleh583@university.edu.my,0197280268,Computer Science,2025-01-10,Active,Artificial Intelligence,CS3501,4,B,84,Semester 2,2026
STU202710584,Daniel,Osman,daniel.osman584@university.edu.my,0123364819,Computer Science,2025-01-10,Active,Machine Learning,CS4501,4,B,83,Semester 1,2026
STU202710585,Nurin,Chong,nurin.chong585@university.edu.my,0174643036,Cyber Security,2025-01-10,Active,Artificial Intelligence,CS3501,3,A-,93,Semester 2,2025
STU202710586,Ahmad,Zulkifli,ahmad.zulkifli586@university.edu.my,0157468375,Information Technology,2025-01-10,Graduated,Cloud Computing,IT3301,4,C+,77,Semester 2,2026
STU202710587,Ahmad,Wong,ahmad.wong587@university.edu.my,0103024722,Computer Science,2025-01-10,Active,Web Development,IT2202,4,B+,88,Semester 2,2025
STU202710588,Farhana,Osman,farhana.osman588@university.edu.my,0135338137,Business Information Systems,2025-01-10,Active,Machine Learning,CS4501,4,B-,80,Semester 1,2026
STU202710589,Nadia,Saleh,nadia.saleh589@university.edu.my,0113935540,Information Technology,2025-01-10,Graduated,Cloud Computing,IT3301,3,B,86,Semester 1,2026
STU202710590,Melissa,Mahmud,melissa.mahmud590@university.edu.my,0175458860,Software Engineering,2025-01-10,Graduated,Web Development,IT2202,3,C+,77,Semester 2,2025
STU202710591,Sarah,Jaafar,sarah.jaafar591@university.edu.my,0184995876,Cyber Security,2025-01-10,Active,Machine Learning,CS4501,3,A-,90,Semester 1,2026
STU202710592,Farid,Latif,farid.latif592@university.edu.my,0106070500,Business Information Systems,2025-01-10,Active,Web Development,IT2202,4,A-,93,Semester 1,2026
STU202710593,Faizal,Ali,faizal.ali593@university.edu.my,0186514640,Software Engineering,2025-01-10,Active,Artificial Intelligence,CS3501,3,A-,93,Semester 2,2026
STU202710594,Hanis,Wong,hanis.wong594@university.edu.my,0177387288,Computer Science,2025-01-10,Active,Digital Forensics,CS4401,3,A,93,Semester 1,2026
STU202710595,Adam,Karim,adam.karim595@university.edu.my,0157523262,Software Engineering,2025-01-10,Active,Data Structures,CS2102,4,A,95,Semester 2,2026
STU202710596,Aisyah,Lim,aisyah.lim596@university.edu.my,0144134122,Business Information Systems,2025-01-10,Active,Web Development,IT2202,4,B+,90,Semester 1,2026
STU202710597,Melissa,Yusof,melissa.yusof597@university.edu.my,0123571755,Software Engineering,2025-01-10,Active,Software Engineering,SE2201,3,B+,88,Semester 2,2026
STU202710598,Ahmad,Hashim,ahmad.hashim598@university.edu.my,0107874772,Computer Science,2025-01-10,Active,Cloud Computing,IT3301,4,B+,88,Semester 1,2025
STU202710599,Nadia,Mahmud,nadia.mahmud599@university.edu.my,0154262672,Software Engineering,2025-01-10,Graduated,Network Security,CS3301,3,B+,88,Semester 1,2025
STU202710600,Sarah,Saleh,sarah.saleh600@university.edu.my,0124639965,Computer Science,2025-01-10,Active,Database Systems,CS2201,4,C+,76,Semester 1,2025
STU202710601,Nadia,Chong,nadia.chong601@university.edu.my,0161626700,Computer Science,2025-01-10,Active,Computer Networks,IT2301,3,B,82,Semester 1,2025
STU202710602,Siti,Ali,siti.ali602@university.edu.my,0179619119,Information Technology,2025-01-10,Active,Network Security,CS3301,4,A-,89,Semester 2,2025
STU202710603,Farid,Hashim,farid.hashim603@university.edu.my,0199508427,Information Technology,2025-01-10,Active,Web Development,IT2202,3,B+,89,Semester 2,2026
STU202710604,Aisyah,Mahmud,aisyah.mahmud604@university.edu.my,0127562177,Cyber Security,2025-01-10,Active,Database Systems,CS2201,4,B,83,Semester 2,2026
STU202710605,Ahmad,Karim,ahmad.karim605@university.edu.my,0136131909,Computer Science,2025-01-10,Active,Database Systems,CS2201,3,C+,78,Semester 2,2025
STU202710606,Nadia,Ismail,nadia.ismail606@university.edu.my,0137831311,Information Technology,2025-01-10,Active,Database Systems,CS2201,4,B,83,Semester 2,2025
STU202710607,Sarah,Wong,sarah.wong607@university.edu.my,0121621399,Software Engineering,2025-01-10,Active,Cloud Computing,IT3301,3,A-,93,Semester 2,2025
STU202710608,Adam,Tan,adam.tan608@university.edu.my,0105544051,Computer Science,2025-01-10,Active,Software Engineering,SE2201,3,C+,77,Semester 1,2026
STU202710609,Daniel,Wong,daniel.wong609@university.edu.my,0122311983,Computer Science,2025-01-10,Active,Cloud Computing,IT3301,3,B-,78,Semester 2,2026
STU202710610,Melissa,Osman,melissa.osman610@university.edu.my,0156481783,Computer Science,2025-01-10,Active,Digital Forensics,CS4401,4,B,86,Semester 1,2026
STU202710611,Aiman,Saleh,aiman.saleh611@university.edu.my,0105977864,Software Engineering,2025-01-10,Active,Database Systems,CS2201,4,A,96,Semester 1,2025
STU202710612,Alicia,Osman,alicia.osman612@university.edu.my,0132664746,Computer Science,2025-01-10,Graduated,Artificial Intelligence,CS3501,3,B+,86,Semester 2,2025
STU202710613,Jason,Ali,jason.ali613@university.edu.my,0133003776,Information Technology,2025-01-10,Active,Web Development,IT2202,3,B,86,Semester 2,2025
STU202710614,Daniel,Hassan,daniel.hassan614@university.edu.my,0194298063,Computer Science,2025-01-10,Active,Database Systems,CS2201,4,B+,87,Semester 2,2025
STU202710615,Nurin,Tan,nurin.tan615@university.edu.my,0177289257,Cyber Security,2025-01-10,Active,Computer Networks,IT2301,4,B+,90,Semester 2,2025
STU202710616,Sarah,Ismail,sarah.ismail616@university.edu.my,0111570503,Cyber Security,2025-01-10,Active,Digital Forensics,CS4401,3,C+,76,Semester 2,2025
STU202710617,Kevin,Teoh,kevin.teoh617@university.edu.my,0122651207,Cyber Security,2025-01-10,Active,Database Systems,CS2201,3,B-,82,Semester 1,2025
STU202710618,Hafiz,Mahmud,hafiz.mahmud618@university.edu.my,0183700099,Business Information Systems,2025-01-10,Graduated,Network Security,CS3301,4,B+,88,Semester 2,2026
STU202710619,Faizal,Karim,faizal.karim619@university.edu.my,0156514601,Business Information Systems,2025-01-10,Active,Digital Forensics,CS4401,4,C+,76,Semester 2,2026
STU202710620,Farhana,Yusof,farhana.yusof620@university.edu.my,0135007953,Software Engineering,2025-01-10,Active,Machine Learning,CS4501,3,A,94,Semester 1,2025
STU202710621,Faizal,Wong,faizal.wong621@university.edu.my,0183741134,Information Technology,2025-01-10,Active,Database Systems,CS2201,4,A-,90,Semester 2,2026
STU202710622,Adam,Lim,adam.lim622@university.edu.my,0123962012,Cyber Security,2025-01-10,Active,Network Security,CS3301,3,A-,90,Semester 2,2026
STU202710623,Farhana,Ismail,farhana.ismail623@university.edu.my,0161398675,Business Information Systems,2025-01-10,Active,Web Development,IT2202,3,A-,91,Semester 2,2025
STU202710624,Adam,Teoh,adam.teoh624@university.edu.my,0105481717,Information Technology,2025-01-10,Active,Digital Forensics,CS4401,3,A-,91,Semester 2,2026
STU202710625,Hafiz,Ismail,hafiz.ismail625@university.edu.my,0166294490,Software Engineering,2025-01-10,Active,Network Security,CS3301,4,A-,91,Semester 2,2026
STU202710626,Faizal,Rahman,faizal.rahman626@university.edu.my,0111000584,Business Information Systems,2025-01-10,Active,Web Development,IT2202,3,A-,92,Semester 2,2026
STU202710627,Farhana,Ismail,farhana.ismail627@university.edu.my,0184034716,Computer Science,2025-01-10,Active,Cloud Computing,IT3301,3,C+,78,Semester 2,2025
STU202710628,Melissa,Teoh,melissa.teoh628@university.edu.my,0134386902,Business Information Systems,2025-01-10,Graduated,Software Engineering,SE2201,4,A-,89,Semester 2,2025
STU202710629,Aiman,Tan,aiman.tan629@university.edu.my,0145467512,Information Technology,2025-01-10,Active,Computer Networks,IT2301,3,B,83,Semester 2,2025
STU202710630,Nadia,Hashim,nadia.hashim630@university.edu.my,0136460277,Information Technology,2025-01-10,Active,Database Systems,CS2201,3,B,84,Semester 2,2025
STU202710631,Ahmad,Zulkifli,ahmad.zulkifli631@university.edu.my,0179743020,Computer Science,2025-01-10,Graduated,Database Systems,CS2201,4,C+,75,Semester 1,2025
STU202710632,Sarah,Zulkifli,sarah.zulkifli632@university.edu.my,0127922743,Business Information Systems,2025-01-10,Active,Machine Learning,CS4501,3,B,83,Semester 2,2025
STU202710633,Jason,Karim,jason.karim633@university.edu.my,0136899290,Information Technology,2025-01-10,Graduated,Network Security,CS3301,3,B+,89,Semester 1,2026
STU202710634,Siti,Mahmud,siti.mahmud634@university.edu.my,0163986401,Information Technology,2025-01-10,Graduated,Web Development,IT2202,3,B+,90,Semester 1,2025
STU202710635,Faizal,Teoh,faizal.teoh635@university.edu.my,0164123604,Cyber Security,2025-01-10,Graduated,Database Systems,CS2201,4,B,84,Semester 2,2026
STU202710636,Alicia,Chong,alicia.chong636@university.edu.my,0174206558,Cyber Security,2025-01-10,Graduated,Software Engineering,SE2201,4,A-,91,Semester 1,2026
STU202710637,Daniel,Hassan,daniel.hassan637@university.edu.my,0194187744,Cyber Security,2025-01-10,Active,Machine Learning,CS4501,3,B,85,Semester 1,2025
STU202710638,Faizal,Saleh,faizal.saleh638@university.edu.my,0174994406,Cyber Security,2025-01-10,Active,Machine Learning,CS4501,4,C+,77,Semester 1,2025
STU202710639,Nurul,Zulkifli,nurul.zulkifli639@university.edu.my,0121107820,Information Technology,2025-01-10,Active,Software Engineering,SE2201,3,A,96,Semester 2,2026
STU202710640,Amir,Ismail,amir.ismail640@university.edu.my,0129437949,Cyber Security,2025-01-10,Active,Computer Networks,IT2301,3,B,84,Semester 2,2026
STU202710641,Adam,Ali,adam.ali641@university.edu.my,0121730485,Cyber Security,2025-01-10,Graduated,Database Systems,CS2201,4,A-,90,Semester 2,2025
STU202710642,Siti,Karim,siti.karim642@university.edu.my,0118996128,Computer Science,2025-01-10,Active,Data Structures,CS2102,3,B+,88,Semester 1,2026
STU202710643,Sarah,Mahmud,sarah.mahmud643@university.edu.my,0133553578,Cyber Security,2025-01-10,Active,Database Systems,CS2201,3,B+,87,Semester 1,2025
STU202710644,Hafiz,Karim,hafiz.karim644@university.edu.my,0113359407,Information Technology,2025-01-10,Active,Computer Networks,IT2301,4,B+,88,Semester 1,2025
STU202710645,Adam,Hassan,adam.hassan645@university.edu.my,0137469931,Information Technology,2025-01-10,Graduated,Machine Learning,CS4501,4,B-,80,Semester 2,2026
STU202710646,Amir,Tan,amir.tan646@university.edu.my,0193294357,Business Information Systems,2025-01-10,Graduated,Network Security,CS3301,3,B,85,Semester 1,2025
STU202710647,Adam,Lee,adam.lee647@university.edu.my,0143437173,Business Information Systems,2025-01-10,Active,Software Engineering,SE2201,4,C+,78,Semester 2,2025
STU202710648,Kevin,Ismail,kevin.ismail648@university.edu.my,0181583734,Cyber Security,2025-01-10,Active,Digital Forensics,CS4401,3,A,94,Semester 1,2025
STU202710649,Ahmad,Ali,ahmad.ali649@university.edu.my,0133970332,Software Engineering,2025-01-10,Graduated,Artificial Intelligence,CS3501,4,B+,90,Semester 1,2026
STU202710650,Daniel,Yusof,daniel.yusof650@university.edu.my,0199829716,Computer Science,2025-01-10,Graduated,Database Systems,CS2201,3,B-,81,Semester 1,2026
STU202710651,Aisyah,Teoh,aisyah.teoh651@university.edu.my,0109444718,Software Engineering,2025-01-10,Graduated,Web Development,IT2202,3,B,86,Semester 2,2026
STU202710652,Daniel,Saleh,daniel.saleh652@university.edu.my,0113743785,Business Information Systems,2025-01-10,Active,Network Security,CS3301,3,B+,89,Semester 2,2025
STU202710653,Alicia,Saleh,alicia.saleh653@university.edu.my,0166543588,Cyber Security,2025-01-10,Active,Software Engineering,SE2201,4,B-,81,Semester 2,2026
STU202710654,Hanis,Karim,hanis.karim654@university.edu.my,0164855960,Computer Science,2025-01-10,Active,Software Engineering,SE2201,3,B-,78,Semester 2,2025
STU202710655,Melissa,Rahman,melissa.rahman655@university.edu.my,0171976097,Computer Science,2025-01-10,Active,Software Engineering,SE2201,4,C+,76,Semester 1,2026
STU202710656,Sarah,Rahman,sarah.rahman656@university.edu.my,0146879496,Software Engineering,2025-01-10,Active,Artificial Intelligence,CS3501,4,A,96,Semester 1,2025
STU202710657,Daniel,Hashim,daniel.hashim657@university.edu.my,0145603681,Computer Science,2025-01-10,Active,Digital Forensics,CS4401,3,C+,76,Semester 1,2025
STU202710658,Farhana,Karim,farhana.karim658@university.edu.my,0126292308,Information Technology,2025-01-10,Active,Data Structures,CS2102,4,A,96,Semester 1,2025
STU202710659,Daniel,Lee,daniel.lee659@university.edu.my,0108943346,Business Information Systems,2025-01-10,Graduated,Data Structures,CS2102,4,A,93,Semester 2,2026
STU202710660,Hanis,Ali,hanis.ali660@university.edu.my,0108556505,Software Engineering,2025-01-10,Active,Artificial Intelligence,CS3501,4,B,86,Semester 2,2026
STU202710661,Sarah,Ismail,sarah.ismail661@university.edu.my,0171690434,Computer Science,2025-01-10,Graduated,Data Structures,CS2102,3,B-,79,Semester 1,2026
STU202710662,Farid,Wong,farid.wong662@university.edu.my,0152046566,Business Information Systems,2025-01-10,Active,Web Development,IT2202,3,B,82,Semester 2,2025
STU202710663,Nadia,Hashim,nadia.hashim663@university.edu.my,0118946403,Computer Science,2025-01-10,Active,Database Systems,CS2201,3,A,93,Semester 2,2026
STU202710664,Amir,Teoh,amir.teoh664@university.edu.my,0187682635,Computer Science,2025-01-10,Graduated,Database Systems,CS2201,3,A-,90,Semester 2,2026
STU202710665,Aiman,Karim,aiman.karim665@university.edu.my,0139398552,Computer Science,2025-01-10,Graduated,Database Systems,CS2201,3,A,97,Semester 2,2025
STU202710666,Aisyah,Jaafar,aisyah.jaafar666@university.edu.my,0151231458,Cyber Security,2025-01-10,Active,Database Systems,CS2201,4,B,86,Semester 1,2026
STU202710667,Aiman,Mahmud,aiman.mahmud667@university.edu.my,0169271342,Cyber Security,2025-01-10,Graduated,Computer Networks,IT2301,4,A,93,Semester 1,2026
STU202710668,Hanis,Zulkifli,hanis.zulkifli668@university.edu.my,0187706046,Cyber Security,2025-01-10,Active,Network Security,CS3301,4,C+,77,Semester 1,2025
STU202710669,Sarah,Rahman,sarah.rahman669@university.edu.my,0135007808,Software Engineering,2025-01-10,Active,Cloud Computing,IT3301,3,B+,87,Semester 1,2026
STU202710670,Jason,Chong,jason.chong670@university.edu.my,0122022476,Computer Science,2025-01-10,Active,Computer Networks,IT2301,4,A,96,Semester 1,2026
STU202710671,Aiman,Chong,aiman.chong671@university.edu.my,0186889696,Computer Science,2025-01-10,Active,Artificial Intelligence,CS3501,3,A-,90,Semester 2,2026
STU202710672,Aiman,Wong,aiman.wong672@university.edu.my,0122731031,Cyber Security,2025-01-10,Active,Web Development,IT2202,4,B-,79,Semester 2,2026
STU202710673,Hanis,Ali,hanis.ali673@university.edu.my,0105107140,Cyber Security,2025-01-10,Active,Data Structures,CS2102,3,C+,76,Semester 2,2025
STU202710674,Alicia,Saleh,alicia.saleh674@university.edu.my,0152266360,Cyber Security,2025-01-10,Graduated,Web Development,IT2202,4,A,95,Semester 1,2026
STU202710675,Sarah,Hassan,sarah.hassan675@university.edu.my,0152058071,Information Technology,2025-01-10,Active,Database Systems,CS2201,3,A-,89,Semester 2,2025
STU202710676,Faizal,Osman,faizal.osman676@university.edu.my,0186681520,Business Information Systems,2025-01-10,Active,Digital Forensics,CS4401,4,B-,80,Semester 1,2025
STU202710677,Aiman,Zulkifli,aiman.zulkifli677@university.edu.my,0173908383,Computer Science,2025-01-10,Active,Computer Networks,IT2301,4,B+,89,Semester 1,2025
STU202710678,Nadia,Teoh,nadia.teoh678@university.edu.my,0196210939,Information Technology,2025-01-10,Graduated,Machine Learning,CS4501,3,A-,92,Semester 1,2026
STU202710679,Farhana,Hassan,farhana.hassan679@university.edu.my,0122166012,Information Technology,2025-01-10,Active,Cloud Computing,IT3301,4,B+,87,Semester 1,2025
STU202710680,Melissa,Osman,melissa.osman680@university.edu.my,0101141649,Information Technology,2025-01-10,Graduated,Cloud Computing,IT3301,3,C+,76,Semester 1,2026
STU202710681,Alicia,Tan,alicia.tan681@university.edu.my,0132564789,Cyber Security,2025-01-10,Active,Software Engineering,SE2201,4,B-,78,Semester 2,2025
STU202710682,Nurul,Rahman,nurul.rahman682@university.edu.my,0172025021,Computer Science,2025-01-10,Active,Digital Forensics,CS4401,4,A,97,Semester 2,2026
STU202710683,Aiman,Ismail,aiman.ismail683@university.edu.my,0116903912,Software Engineering,2025-01-10,Active,Cloud Computing,IT3301,3,A-,90,Semester 2,2025
STU202710684,Nadia,Lim,nadia.lim684@university.edu.my,0166238125,Business Information Systems,2025-01-10,Graduated,Machine Learning,CS4501,4,B-,81,Semester 1,2026
STU202710685,Farhana,Chong,farhana.chong685@university.edu.my,0187527861,Software Engineering,2025-01-10,Active,Software Engineering,SE2201,3,A,97,Semester 2,2026
STU202710686,Aiman,Rahman,aiman.rahman686@university.edu.my,0175667364,Computer Science,2025-01-10,Active,Cloud Computing,IT3301,3,A,93,Semester 2,2025
STU202710687,Farid,Hashim,farid.hashim687@university.edu.my,0165387748,Computer Science,2025-01-10,Graduated,Computer Networks,IT2301,4,C+,75,Semester 1,2026
STU202710688,Adam,Zulkifli,adam.zulkifli688@university.edu.my,0165724898,Business Information Systems,2025-01-10,Graduated,Cloud Computing,IT3301,4,C+,78,Semester 2,2025
STU202710689,Nurin,Osman,nurin.osman689@university.edu.my,0128552628,Computer Science,2025-01-10,Active,Network Security,CS3301,4,B-,79,Semester 2,2025
STU202710690,Nadia,Teoh,nadia.teoh690@university.edu.my,0105630421,Computer Science,2025-01-10,Active,Digital Forensics,CS4401,3,B+,86,Semester 2,2025
STU202710691,Farid,Ali,farid.ali691@university.edu.my,0173828679,Information Technology,2025-01-10,Active,Artificial Intelligence,CS3501,3,B+,90,Semester 2,2026
STU202710692,Ahmad,Lee,ahmad.lee692@university.edu.my,0118225396,Computer Science,2025-01-10,Active,Software Engineering,SE2201,4,B+,86,Semester 1,2026
STU202710693,Aisyah,Hamid,aisyah.hamid693@university.edu.my,0176904650,Cyber Security,2025-01-10,Graduated,Database Systems,CS2201,4,A,94,Semester 1,2025
STU202710694,Farhana,Zulkifli,farhana.zulkifli694@university.edu.my,0192741878,Cyber Security,2025-01-10,Active,Digital Forensics,CS4401,4,A-,91,Semester 2,2026
STU202710695,Nurin,Zulkifli,nurin.zulkifli695@university.edu.my,0126623570,Computer Science,2025-01-10,Active,Database Systems,CS2201,3,A-,89,Semester 2,2026
STU202710696,Farid,Yusof,farid.yusof696@university.edu.my,0109770082,Information Technology,2025-01-10,Active,Computer Networks,IT2301,3,A,93,Semester 2,2026
STU202710697,Sarah,Hassan,sarah.hassan697@university.edu.my,0163040165,Software Engineering,2025-01-10,Active,Web Development,IT2202,3,B,83,Semester 1,2025
STU202710698,Faizal,Saleh,faizal.saleh698@university.edu.my,0189547262,Computer Science,2025-01-10,Active,Database Systems,CS2201,4,A,95,Semester 2,2025
STU202710699,Hanis,Mahmud,hanis.mahmud699@university.edu.my,0183514984,Business Information Systems,2025-01-10,Active,Data Structures,CS2102,4,B,84,Semester 1,2026
STU202710700,Daniel,Hashim,daniel.hashim700@university.edu.my,0123765945,Information Technology,2025-01-10,Active,Software Engineering,SE2201,3,B,82,Semester 2,2026
STU202710701,Melissa,Osman,melissa.osman701@university.edu.my,0136223194,Cyber Security,2025-01-10,Active,Web Development,IT2202,3,B-,79,Semester 2,2025
STU202710702,Alicia,Karim,alicia.karim702@university.edu.my,0159887418,Software Engineering,2025-01-10,Active,Database Systems,CS2201,3,C+,74,Semester 1,2026
STU202710703,Faizal,Tan,faizal.tan703@university.edu.my,0172150787,Software Engineering,2025-01-10,Graduated,Web Development,IT2202,3,A-,90,Semester 2,2025
STU202710704,Faizal,Saleh,faizal.saleh704@university.edu.my,0178040293,Cyber Security,2025-01-10,Graduated,Database Systems,CS2201,4,C+,75,Semester 1,2025
STU202710705,Adam,Hassan,adam.hassan705@university.edu.my,0144760230,Software Engineering,2025-01-10,Active,Cloud Computing,IT3301,3,C+,76,Semester 2,2025
STU202710706,Nadia,Ali,nadia.ali706@university.edu.my,0186326184,Information Technology,2025-01-10,Active,Database Systems,CS2201,4,C+,77,Semester 2,2025
STU202710707,Nurin,Zulkifli,nurin.zulkifli707@university.edu.my,0132499431,Information Technology,2025-01-10,Active,Computer Networks,IT2301,3,B,83,Semester 2,2025
STU202710708,Faizal,Chong,faizal.chong708@university.edu.my,0107280908,Computer Science,2025-01-10,Graduated,Software Engineering,SE2201,4,A,97,Semester 2,2026
STU202710709,Aisyah,Jaafar,aisyah.jaafar709@university.edu.my,0181921478,Information Technology,2025-01-10,Active,Artificial Intelligence,CS3501,4,B-,81,Semester 2,2025
STU202710710,Melissa,Ismail,melissa.ismail710@university.edu.my,0107514814,Cyber Security,2025-01-10,Active,Database Systems,CS2201,4,A-,91,Semester 1,2026
STU202710711,Aisyah,Chong,aisyah.chong711@university.edu.my,0134626839,Software Engineering,2025-01-10,Active,Digital Forensics,CS4401,4,C+,78,Semester 2,2025
STU202710712,Daniel,Zulkifli,daniel.zulkifli712@university.edu.my,0122347316,Software Engineering,2025-01-10,Active,Artificial Intelligence,CS3501,4,B-,82,Semester 1,2026
STU202710713,Alicia,Latif,alicia.latif713@university.edu.my,0122571941,Cyber Security,2025-01-10,Active,Cloud Computing,IT3301,3,C+,75,Semester 2,2026
STU202710714,Amir,Rahman,amir.rahman714@university.edu.my,0164856528,Information Technology,2025-01-10,Graduated,Cloud Computing,IT3301,3,A-,90,Semester 1,2026
STU202710715,Ahmad,Wong,ahmad.wong715@university.edu.my,0109882626,Software Engineering,2025-01-10,Active,Web Development,IT2202,4,B-,81,Semester 1,2025
STU202710716,Ahmad,Hashim,ahmad.hashim716@university.edu.my,0118858559,Information Technology,2025-01-10,Active,Computer Networks,IT2301,4,B+,89,Semester 2,2026
STU202710717,Jason,Karim,jason.karim717@university.edu.my,0189316523,Computer Science,2025-01-10,Graduated,Database Systems,CS2201,4,B+,88,Semester 2,2026
STU202710718,Melissa,Jaafar,melissa.jaafar718@university.edu.my,0123356302,Information Technology,2025-01-10,Graduated,Digital Forensics,CS4401,3,C+,74,Semester 2,2025
STU202710719,Alicia,Ali,alicia.ali719@university.edu.my,0192667699,Business Information Systems,2025-01-10,Graduated,Database Systems,CS2201,4,A-,92,Semester 1,2025
STU202710720,Kevin,Rahman,kevin.rahman720@university.edu.my,0116790473,Information Technology,2025-01-10,Graduated,Cloud Computing,IT3301,4,B,86,Semester 1,2026
STU202710721,Siti,Tan,siti.tan721@university.edu.my,0106389672,Cyber Security,2025-01-10,Active,Data Structures,CS2102,3,A-,93,Semester 1,2025
STU202710722,Siti,Wong,siti.wong722@university.edu.my,0198469160,Cyber Security,2025-01-10,Active,Artificial Intelligence,CS3501,4,B-,79,Semester 1,2026
STU202710723,Ahmad,Latif,ahmad.latif723@university.edu.my,0121154905,Cyber Security,2025-01-10,Graduated,Data Structures,CS2102,4,B+,90,Semester 1,2025
STU202710724,Hanis,Mahmud,hanis.mahmud724@university.edu.my,0118427321,Information Technology,2025-01-10,Active,Network Security,CS3301,3,B,84,Semester 2,2025
STU202710725,Hafiz,Osman,hafiz.osman725@university.edu.my,0177005806,Business Information Systems,2025-01-10,Active,Machine Learning,CS4501,3,B,85,Semester 2,2025
STU202710726,Siti,Lee,siti.lee726@university.edu.my,0173599150,Information Technology,2025-01-10,Active,Network Security,CS3301,3,A-,93,Semester 2,2025
STU202710727,Farhana,Jaafar,farhana.jaafar727@university.edu.my,0188838964,Information Technology,2025-01-10,Active,Software Engineering,SE2201,4,B-,81,Semester 2,2026
STU202710728,Ahmad,Hassan,ahmad.hassan728@university.edu.my,0136178578,Software Engineering,2025-01-10,Graduated,Computer Networks,IT2301,4,B+,88,Semester 2,2026
STU202710729,Nurin,Chong,nurin.chong729@university.edu.my,0165828629,Business Information Systems,2025-01-10,Active,Digital Forensics,CS4401,3,A,97,Semester 2,2025
STU202710730,Aisyah,Saleh,aisyah.saleh730@university.edu.my,0189360211,Software Engineering,2025-01-10,Graduated,Network Security,CS3301,3,A,93,Semester 1,2026
STU202710731,Nurin,Rahman,nurin.rahman731@university.edu.my,0176827165,Software Engineering,2025-01-10,Active,Machine Learning,CS4501,3,A-,93,Semester 2,2026
STU202710732,Kevin,Wong,kevin.wong732@university.edu.my,0134102054,Cyber Security,2025-01-10,Active,Data Structures,CS2102,4,C+,77,Semester 1,2025
STU202710733,Aisyah,Zulkifli,aisyah.zulkifli733@university.edu.my,0161174909,Software Engineering,2025-01-10,Active,Computer Networks,IT2301,4,A-,91,Semester 1,2026
STU202710734,Siti,Ali,siti.ali734@university.edu.my,0187437409,Computer Science,2025-01-10,Graduated,Web Development,IT2202,4,A-,90,Semester 2,2025
STU202710735,Aisyah,Hassan,aisyah.hassan735@university.edu.my,0122612191,Computer Science,2025-01-10,Active,Data Structures,CS2102,3,A,93,Semester 1,2026
STU202710736,Amir,Latif,amir.latif736@university.edu.my,0148808683,Information Technology,2025-01-10,Graduated,Software Engineering,SE2201,4,B-,80,Semester 2,2025
STU202710737,Ahmad,Wong,ahmad.wong737@university.edu.my,0105088966,Computer Science,2025-01-10,Active,Software Engineering,SE2201,3,C+,78,Semester 2,2026
STU202710738,Farhana,Tan,farhana.tan738@university.edu.my,0112439880,Cyber Security,2025-01-10,Active,Data Structures,CS2102,3,B-,80,Semester 2,2025
STU202710739,Jason,Rahman,jason.rahman739@university.edu.my,0137499750,Software Engineering,2025-01-10,Graduated,Artificial Intelligence,CS3501,4,C+,75,Semester 1,2026
STU202710740,Ahmad,Ali,ahmad.ali740@university.edu.my,0154336566,Information Technology,2025-01-10,Active,Data Structures,CS2102,4,B+,90,Semester 1,2026
STU202710741,Kevin,Karim,kevin.karim741@university.edu.my,0188994735,Cyber Security,2025-01-10,Graduated,Artificial Intelligence,CS3501,4,A,97,Semester 2,2025
STU202710742,Farid,Yusof,farid.yusof742@university.edu.my,0146937136,Cyber Security,2025-01-10,Active,Network Security,CS3301,4,B-,82,Semester 1,2025
STU202710743,Melissa,Hassan,melissa.hassan743@university.edu.my,0164680916,Business Information Systems,2025-01-10,Active,Cloud Computing,IT3301,3,C+,77,Semester 1,2026
STU202710744,Aisyah,Osman,aisyah.osman744@university.edu.my,0102630705,Cyber Security,2025-01-10,Active,Software Engineering,SE2201,3,B+,89,Semester 2,2025
STU202710745,Aiman,Teoh,aiman.teoh745@university.edu.my,0112449608,Software Engineering,2025-01-10,Active,Digital Forensics,CS4401,4,B+,88,Semester 1,2026
STU202710746,Siti,Yusof,siti.yusof746@university.edu.my,0114975139,Business Information Systems,2025-01-10,Active,Artificial Intelligence,CS3501,3,C+,75,Semester 1,2026
STU202710747,Aisyah,Hashim,aisyah.hashim747@university.edu.my,0153776617,Cyber Security,2025-01-10,Active,Network Security,CS3301,4,A-,93,Semester 1,2026
STU202710748,Nadia,Hashim,nadia.hashim748@university.edu.my,0155043994,Information Technology,2025-01-10,Active,Network Security,CS3301,4,A-,90,Semester 2,2026
STU202710749,Siti,Ali,siti.ali749@university.edu.my,0182631475,Software Engineering,2025-01-10,Active,Data Structures,CS2102,3,B+,89,Semester 2,2025
STU202710750,Hafiz,Hamid,hafiz.hamid750@university.edu.my,0189205307,Computer Science,2025-01-10,Active,Database Systems,CS2201,4,A,93,Semester 1,2025
STU202710751,Aiman,Ismail,aiman.ismail751@university.edu.my,0195691413,Computer Science,2025-01-10,Active,Computer Networks,IT2301,4,B,82,Semester 1,2026
STU202710752,Alicia,Zulkifli,alicia.zulkifli752@university.edu.my,0135600422,Business Information Systems,2025-01-10,Active,Web Development,IT2202,4,B,85,Semester 1,2025
STU202710753,Nadia,Lim,nadia.lim753@university.edu.my,0191663161,Information Technology,2025-01-10,Active,Artificial Intelligence,CS3501,3,C+,78,Semester 2,2025
STU202710754,Aisyah,Lee,aisyah.lee754@university.edu.my,0155516918,Information Technology,2025-01-10,Active,Machine Learning,CS4501,4,B,84,Semester 2,2026
STU202710755,Farid,Rahman,farid.rahman755@university.edu.my,0118909485,Cyber Security,2025-01-10,Graduated,Software Engineering,SE2201,4,A,94,Semester 1,2025
STU202710756,Siti,Hamid,siti.hamid756@university.edu.my,0178361842,Cyber Security,2025-01-10,Active,Software Engineering,SE2201,3,B+,88,Semester 1,2025
STU202710757,Aiman,Ali,aiman.ali757@university.edu.my,0128318549,Business Information Systems,2025-01-10,Active,Database Systems,CS2201,3,A-,93,Semester 2,2026
STU202710758,Farid,Lim,farid.lim758@university.edu.my,0131489270,Computer Science,2025-01-10,Active,Cloud Computing,IT3301,4,A,96,Semester 2,2026
STU202710759,Nurin,Latif,nurin.latif759@university.edu.my,0177635473,Computer Science,2025-01-10,Active,Database Systems,CS2201,3,C+,74,Semester 2,2026
STU202710760,Melissa,Wong,melissa.wong760@university.edu.my,0146174777,Business Information Systems,2025-01-10,Graduated,Software Engineering,SE2201,4,B,83,Semester 1,2025
STU202710761,Ahmad,Saleh,ahmad.saleh761@university.edu.my,0199818991,Software Engineering,2025-01-10,Active,Software Engineering,SE2201,4,B,83,Semester 2,2025
STU202710762,Hanis,Osman,hanis.osman762@university.edu.my,0134680759,Computer Science,2025-01-10,Active,Database Systems,CS2201,4,B,86,Semester 1,2026
STU202710763,Nurul,Lee,nurul.lee763@university.edu.my,0141366711,Business Information Systems,2025-01-10,Active,Web Development,IT2202,3,C+,74,Semester 2,2025
STU202710764,Ahmad,Ismail,ahmad.ismail764@university.edu.my,0145758138,Information Technology,2025-01-10,Active,Machine Learning,CS4501,4,B,82,Semester 1,2026
STU202710765,Nadia,Hamid,nadia.hamid765@university.edu.my,0173651155,Cyber Security,2025-01-10,Active,Web Development,IT2202,3,B,86,Semester 2,2025
STU202710766,Farhana,Latif,farhana.latif766@university.edu.my,0158909829,Information Technology,2025-01-10,Active,Computer Networks,IT2301,4,B-,82,Semester 2,2026
STU202710767,Nadia,Teoh,nadia.teoh767@university.edu.my,0155345882,Computer Science,2025-01-10,Graduated,Data Structures,CS2102,4,B+,86,Semester 2,2025
STU202710768,Nadia,Jaafar,nadia.jaafar768@university.edu.my,0154090390,Cyber Security,2025-01-10,Active,Digital Forensics,CS4401,4,B-,78,Semester 1,2025
STU202710769,Hafiz,Chong,hafiz.chong769@university.edu.my,0184384723,Business Information Systems,2025-01-10,Active,Digital Forensics,CS4401,3,C+,78,Semester 2,2025
STU202710770,Aiman,Zulkifli,aiman.zulkifli770@university.edu.my,0176597332,Computer Science,2025-01-10,Active,Cloud Computing,IT3301,3,C+,74,Semester 2,2026
STU202710771,Adam,Jaafar,adam.jaafar771@university.edu.my,0157591384,Software Engineering,2025-01-10,Active,Network Security,CS3301,3,B,83,Semester 2,2025
STU202710772,Amir,Zulkifli,amir.zulkifli772@university.edu.my,0117401426,Business Information Systems,2025-01-10,Graduated,Computer Networks,IT2301,4,B+,88,Semester 1,2026
STU202710773,Melissa,Saleh,melissa.saleh773@university.edu.my,0152184219,Computer Science,2025-01-10,Active,Computer Networks,IT2301,3,A,94,Semester 1,2025
STU202710774,Hafiz,Jaafar,hafiz.jaafar774@university.edu.my,0179350489,Information Technology,2025-01-10,Graduated,Machine Learning,CS4501,4,B,86,Semester 1,2026
STU202710775,Melissa,Jaafar,melissa.jaafar775@university.edu.my,0178346755,Information Technology,2025-01-10,Active,Software Engineering,SE2201,4,B+,87,Semester 1,2026
STU202710776,Sarah,Chong,sarah.chong776@university.edu.my,0133103404,Business Information Systems,2025-01-10,Active,Cloud Computing,IT3301,3,A-,89,Semester 2,2025
STU202710777,Kevin,Rahman,kevin.rahman777@university.edu.my,0127584219,Software Engineering,2025-01-10,Active,Computer Networks,IT2301,4,A,96,Semester 1,2026
STU202710778,Farhana,Chong,farhana.chong778@university.edu.my,0102306593,Business Information Systems,2025-01-10,Graduated,Software Engineering,SE2201,3,B,82,Semester 2,2025
STU202710779,Jason,Ali,jason.ali779@university.edu.my,0169567343,Information Technology,2025-01-10,Active,Cloud Computing,IT3301,4,B-,81,Semester 1,2025
STU202710780,Faizal,Ali,faizal.ali780@university.edu.my,0186554489,Information Technology,2025-01-10,Active,Computer Networks,IT2301,3,B,84,Semester 1,2026
STU202710781,Faizal,Mahmud,faizal.mahmud781@university.edu.my,0106111068,Information Technology,2025-01-10,Graduated,Digital Forensics,CS4401,4,B+,87,Semester 1,2025
STU202710782,Siti,Hassan,siti.hassan782@university.edu.my,0134527340,Information Technology,2025-01-10,Active,Network Security,CS3301,4,B-,82,Semester 1,2026
STU202710783,Ahmad,Jaafar,ahmad.jaafar783@university.edu.my,0141514877,Software Engineering,2025-01-10,Active,Software Engineering,SE2201,3,A-,91,Semester 1,2026
STU202710784,Alicia,Chong,alicia.chong784@university.edu.my,0194106248,Software Engineering,2025-01-10,Active,Artificial Intelligence,CS3501,4,A-,90,Semester 1,2025
STU202710785,Hafiz,Hassan,hafiz.hassan785@university.edu.my,0133685509,Cyber Security,2025-01-10,Graduated,Artificial Intelligence,CS3501,3,B,83,Semester 2,2026
STU202710786,Siti,Saleh,siti.saleh786@university.edu.my,0179601277,Information Technology,2025-01-10,Active,Database Systems,CS2201,3,A-,91,Semester 2,2025
STU202710787,Kevin,Yusof,kevin.yusof787@university.edu.my,0135003850,Computer Science,2025-01-10,Active,Network Security,CS3301,4,A-,93,Semester 2,2026
STU202710788,Nurin,Osman,nurin.osman788@university.edu.my,0165234079,Software Engineering,2025-01-10,Active,Web Development,IT2202,4,B-,78,Semester 2,2025
STU202710789,Farid,Hassan,farid.hassan789@university.edu.my,0183174645,Information Technology,2025-01-10,Graduated,Artificial Intelligence,CS3501,3,A-,89,Semester 1,2025
STU202710790,Hafiz,Tan,hafiz.tan790@university.edu.my,0101096467,Computer Science,2025-01-10,Graduated,Data Structures,CS2102,4,B+,90,Semester 1,2025
STU202710791,Hanis,Latif,hanis.latif791@university.edu.my,0133338386,Software Engineering,2025-01-10,Graduated,Digital Forensics,CS4401,4,A-,93,Semester 1,2025
STU202710792,Melissa,Chong,melissa.chong792@university.edu.my,0152024494,Computer Science,2025-01-10,Graduated,Digital Forensics,CS4401,3,B-,80,Semester 1,2026
STU202710793,Daniel,Mahmud,daniel.mahmud793@university.edu.my,0139446569,Business Information Systems,2025-01-10,Active,Cloud Computing,IT3301,4,B,83,Semester 2,2026
STU202710794,Siti,Saleh,siti.saleh794@university.edu.my,0163385494,Cyber Security,2025-01-10,Active,Network Security,CS3301,3,A-,92,Semester 1,2025
STU202710795,Nurul,Teoh,nurul.teoh795@university.edu.my,0194843746,Business Information Systems,2025-01-10,Active,Software Engineering,SE2201,3,C+,75,Semester 2,2026
STU202710796,Alicia,Latif,alicia.latif796@university.edu.my,0159751045,Computer Science,2025-01-10,Graduated,Data Structures,CS2102,4,B,84,Semester 2,2025
STU202710797,Farhana,Zulkifli,farhana.zulkifli797@university.edu.my,0124898916,Cyber Security,2025-01-10,Active,Network Security,CS3301,3,C+,77,Semester 2,2026
STU202710798,Nurul,Lim,nurul.lim798@university.edu.my,0123863922,Cyber Security,2025-01-10,Graduated,Network Security,CS3301,4,A,94,Semester 2,2025
STU202710799,Nurin,Rahman,nurin.rahman799@university.edu.my,0182784638,Information Technology,2025-01-10,Active,Web Development,IT2202,3,A,93,Semester 2,2025
STU202710800,Faizal,Ismail,faizal.ismail800@university.edu.my,0177387721,Computer Science,2025-01-10,Active,Network Security,CS3301,4,B,85,Semester 2,2026
STU202710801,Siti,Yusof,siti.yusof801@university.edu.my,0195008131,Cyber Security,2025-01-10,Active,Database Systems,CS2201,4,B,84,Semester 1,2025
STU202710802,Jason,Hamid,jason.hamid802@university.edu.my,0131084996,Computer Science,2025-01-10,Graduated,Software Engineering,SE2201,4,B,85,Semester 2,2025
STU202710803,Daniel,Karim,daniel.karim803@university.edu.my,0101434556,Information Technology,2025-01-10,Graduated,Computer Networks,IT2301,4,A-,93,Semester 2,2025
STU202710804,Alicia,Hashim,alicia.hashim804@university.edu.my,0162370523,Information Technology,2025-01-10,Graduated,Web Development,IT2202,4,B+,86,Semester 1,2025
STU202710805,Jason,Chong,jason.chong805@university.edu.my,0105018490,Business Information Systems,2025-01-10,Graduated,Web Development,IT2202,3,B+,89,Semester 2,2025
STU202710806,Melissa,Hamid,melissa.hamid806@university.edu.my,0124756012,Computer Science,2025-01-10,Graduated,Software Engineering,SE2201,4,A-,91,Semester 1,2025
STU202710807,Jason,Hashim,jason.hashim807@university.edu.my,0131163509,Information Technology,2025-01-10,Active,Network Security,CS3301,3,A,95,Semester 2,2026
STU202710808,Faizal,Ali,faizal.ali808@university.edu.my,0124911110,Software Engineering,2025-01-10,Active,Cloud Computing,IT3301,4,A-,89,Semester 2,2026
STU202710809,Aiman,Hamid,aiman.hamid809@university.edu.my,0141103672,Information Technology,2025-01-10,Active,Cloud Computing,IT3301,3,B+,87,Semester 2,2026
STU202710810,Faizal,Karim,faizal.karim810@university.edu.my,0132504174,Business Information Systems,2025-01-10,Active,Database Systems,CS2201,3,B,82,Semester 2,2025
STU202710811,Hanis,Lee,hanis.lee811@university.edu.my,0165273461,Software Engineering,2025-01-10,Active,Database Systems,CS2201,4,C+,78,Semester 2,2025
STU202710812,Hafiz,Hashim,hafiz.hashim812@university.edu.my,0183932634,Computer Science,2025-01-10,Active,Artificial Intelligence,CS3501,3,A,97,Semester 2,2026
STU202710813,Aiman,Ali,aiman.ali813@university.edu.my,0127261723,Computer Science,2025-01-10,Active,Data Structures,CS2102,3,A,94,Semester 2,2025
STU202710814,Aiman,Zulkifli,aiman.zulkifli814@university.edu.my,0126272298,Cyber Security,2025-01-10,Graduated,Computer Networks,IT2301,4,B+,90,Semester 1,2025
STU202710815,Ahmad,Chong,ahmad.chong815@university.edu.my,0186890957,Computer Science,2025-01-10,Active,Data Structures,CS2102,4,B-,82,Semester 1,2026
STU202710816,Faizal,Chong,faizal.chong816@university.edu.my,0141611683,Cyber Security,2025-01-10,Active,Artificial Intelligence,CS3501,4,B-,80,Semester 2,2026
STU202710817,Aisyah,Hashim,aisyah.hashim817@university.edu.my,0163434986,Computer Science,2025-01-10,Active,Artificial Intelligence,CS3501,3,A-,89,Semester 2,2025
STU202710818,Aiman,Hassan,aiman.hassan818@university.edu.my,0132137969,Cyber Security,2025-01-10,Graduated,Artificial Intelligence,CS3501,4,B,86,Semester 2,2025
STU202710819,Nurul,Ali,nurul.ali819@university.edu.my,0106785985,Information Technology,2025-01-10,Active,Database Systems,CS2201,3,B-,78,Semester 1,2026
STU202710820,Siti,Lim,siti.lim820@university.edu.my,0143126880,Business Information Systems,2025-01-10,Active,Data Structures,CS2102,3,B-,79,Semester 1,2025
STU202710821,Sarah,Jaafar,sarah.jaafar821@university.edu.my,0148892084,Computer Science,2025-01-10,Active,Data Structures,CS2102,3,A,95,Semester 1,2026
STU202710822,Amir,Wong,amir.wong822@university.edu.my,0102655460,Information Technology,2025-01-10,Active,Artificial Intelligence,CS3501,3,B,83,Semester 2,2025
STU202710823,Aiman,Hashim,aiman.hashim823@university.edu.my,0144183608,Information Technology,2025-01-10,Active,Web Development,IT2202,4,B+,88,Semester 2,2026
STU202710824,Kevin,Wong,kevin.wong824@university.edu.my,0104281915,Cyber Security,2025-01-10,Active,Computer Networks,IT2301,3,B+,86,Semester 1,2026
STU202710825,Nadia,Zulkifli,nadia.zulkifli825@university.edu.my,0159630370,Computer Science,2025-01-10,Active,Network Security,CS3301,4,B,84,Semester 1,2026
STU202710826,Melissa,Ismail,melissa.ismail826@university.edu.my,0185927168,Software Engineering,2025-01-10,Active,Database Systems,CS2201,3,B+,86,Semester 2,2025
STU202710827,Farhana,Osman,farhana.osman827@university.edu.my,0142074035,Cyber Security,2025-01-10,Active,Web Development,IT2202,4,A-,91,Semester 2,2025
STU202710828,Kevin,Jaafar,kevin.jaafar828@university.edu.my,0118905582,Business Information Systems,2025-01-10,Active,Machine Learning,CS4501,4,A-,93,Semester 2,2025
STU202710829,Nadia,Saleh,nadia.saleh829@university.edu.my,0138358851,Business Information Systems,2025-01-10,Graduated,Data Structures,CS2102,4,B,85,Semester 1,2026
STU202710830,Melissa,Lim,melissa.lim830@university.edu.my,0183956053,Cyber Security,2025-01-10,Active,Machine Learning,CS4501,4,C+,75,Semester 1,2026
STU202710831,Melissa,Ismail,melissa.ismail831@university.edu.my,0114761948,Information Technology,2025-01-10,Active,Cloud Computing,IT3301,4,A-,91,Semester 2,2025
STU202710832,Melissa,Hashim,melissa.hashim832@university.edu.my,0199728724,Business Information Systems,2025-01-10,Active,Web Development,IT2202,4,A-,89,Semester 2,2026
STU202710833,Jason,Rahman,jason.rahman833@university.edu.my,0198188589,Computer Science,2025-01-10,Graduated,Software Engineering,SE2201,4,B+,89,Semester 1,2026
STU202710834,Amir,Lim,amir.lim834@university.edu.my,0122583373,Information Technology,2025-01-10,Active,Digital Forensics,CS4401,3,C+,76,Semester 1,2026
STU202710835,Farhana,Hashim,farhana.hashim835@university.edu.my,0149825613,Business Information Systems,2025-01-10,Active,Computer Networks,IT2301,3,B+,86,Semester 1,2026
STU202710836,Ahmad,Wong,ahmad.wong836@university.edu.my,0119448613,Business Information Systems,2025-01-10,Graduated,Network Security,CS3301,4,C+,76,Semester 1,2025
STU202710837,Aiman,Saleh,aiman.saleh837@university.edu.my,0106357132,Computer Science,2025-01-10,Active,Data Structures,CS2102,3,B,82,Semester 2,2025
STU202710838,Nurin,Hassan,nurin.hassan838@university.edu.my,0173008533,Software Engineering,2025-01-10,Active,Web Development,IT2202,4,A,93,Semester 1,2025
STU202710839,Farid,Chong,farid.chong839@university.edu.my,0183289256,Computer Science,2025-01-10,Active,Cloud Computing,IT3301,4,B,85,Semester 2,2026
STU202710840,Nurul,Ismail,nurul.ismail840@university.edu.my,0142485334,Cyber Security,2025-01-10,Active,Computer Networks,IT2301,3,B-,81,Semester 2,2026
STU202710841,Kevin,Lee,kevin.lee841@university.edu.my,0164160069,Business Information Systems,2025-01-10,Graduated,Machine Learning,CS4501,4,C+,76,Semester 2,2025
STU202710842,Daniel,Chong,daniel.chong842@university.edu.my,0152214353,Computer Science,2025-01-10,Active,Database Systems,CS2201,4,A,93,Semester 2,2026
STU202710843,Nurul,Lim,nurul.lim843@university.edu.my,0103610917,Information Technology,2025-01-10,Graduated,Digital Forensics,CS4401,4,B-,80,Semester 1,2025
STU202710844,Nurin,Wong,nurin.wong844@university.edu.my,0199448090,Computer Science,2025-01-10,Active,Artificial Intelligence,CS3501,4,B+,87,Semester 1,2025
STU202710845,Farid,Saleh,farid.saleh845@university.edu.my,0164813493,Business Information Systems,2025-01-10,Active,Web Development,IT2202,3,C+,78,Semester 2,2025
STU202710846,Sarah,Hashim,sarah.hashim846@university.edu.my,0145014222,Software Engineering,2025-01-10,Graduated,Data Structures,CS2102,3,B,82,Semester 2,2025
STU202710847,Hanis,Lee,hanis.lee847@university.edu.my,0184950176,Software Engineering,2025-01-10,Active,Computer Networks,IT2301,3,C+,75,Semester 1,2026
STU202710848,Aisyah,Hashim,aisyah.hashim848@university.edu.my,0173589502,Computer Science,2025-01-10,Active,Digital Forensics,CS4401,4,B+,86,Semester 1,2026
STU202710849,Amir,Osman,amir.osman849@university.edu.my,0145983447,Business Information Systems,2025-01-10,Graduated,Computer Networks,IT2301,3,B,85,Semester 2,2025
STU202710850,Aisyah,Lim,aisyah.lim850@university.edu.my,0186996434,Information Technology,2025-01-10,Graduated,Data Structures,CS2102,3,B,86,Semester 1,2025
STU202710851,Melissa,Ismail,melissa.ismail851@university.edu.my,0161788782,Software Engineering,2025-01-10,Graduated,Cloud Computing,IT3301,3,A-,90,Semester 2,2025
STU202710852,Faizal,Yusof,faizal.yusof852@university.edu.my,0105423131,Computer Science,2025-01-10,Active,Web Development,IT2202,4,C+,77,Semester 2,2026
STU202710853,Nurin,Yusof,nurin.yusof853@university.edu.my,0186510359,Cyber Security,2025-01-10,Graduated,Digital Forensics,CS4401,3,B+,86,Semester 1,2026
STU202710854,Hafiz,Osman,hafiz.osman854@university.edu.my,0141463973,Computer Science,2025-01-10,Graduated,Machine Learning,CS4501,4,C+,74,Semester 1,2026
STU202710855,Amir,Rahman,amir.rahman855@university.edu.my,0197756599,Information Technology,2025-01-10,Active,Database Systems,CS2201,3,A,93,Semester 2,2025
STU202710856,Amir,Wong,amir.wong856@university.edu.my,0123186967,Information Technology,2025-01-10,Active,Network Security,CS3301,4,C+,74,Semester 2,2026
STU202710857,Nadia,Saleh,nadia.saleh857@university.edu.my,0145453671,Computer Science,2025-01-10,Active,Digital Forensics,CS4401,3,C+,77,Semester 1,2025
STU202710858,Ahmad,Wong,ahmad.wong858@university.edu.my,0117072046,Software Engineering,2025-01-10,Active,Digital Forensics,CS4401,3,B,84,Semester 2,2025
STU202710859,Adam,Zulkifli,adam.zulkifli859@university.edu.my,0183040821,Information Technology,2025-01-10,Active,Data Structures,CS2102,3,B,83,Semester 1,2025
STU202710860,Nurin,Saleh,nurin.saleh860@university.edu.my,0134755694,Information Technology,2025-01-10,Active,Web Development,IT2202,3,B+,88,Semester 2,2026
STU202710861,Siti,Osman,siti.osman861@university.edu.my,0116478325,Cyber Security,2025-01-10,Graduated,Machine Learning,CS4501,4,B,84,Semester 2,2026
STU202710862,Daniel,Jaafar,daniel.jaafar862@university.edu.my,0152645302,Cyber Security,2025-01-10,Active,Network Security,CS3301,4,B,84,Semester 2,2025
STU202710863,Nurin,Lee,nurin.lee863@university.edu.my,0147877682,Business Information Systems,2025-01-10,Graduated,Cloud Computing,IT3301,3,B,84,Semester 1,2026
STU202710864,Nadia,Chong,nadia.chong864@university.edu.my,0183570449,Software Engineering,2025-01-10,Active,Data Structures,CS2102,4,B-,81,Semester 2,2025
STU202710865,Farid,Lim,farid.lim865@university.edu.my,0152451212,Computer Science,2025-01-10,Active,Web Development,IT2202,4,B,85,Semester 1,2026
STU202710866,Adam,Osman,adam.osman866@university.edu.my,0127234591,Business Information Systems,2025-01-10,Active,Digital Forensics,CS4401,3,B-,80,Semester 1,2025
STU202710867,Sarah,Mahmud,sarah.mahmud867@university.edu.my,0189372508,Information Technology,2025-01-10,Active,Web Development,IT2202,4,A-,93,Semester 2,2025
STU202710868,Nadia,Mahmud,nadia.mahmud868@university.edu.my,0127576049,Business Information Systems,2025-01-10,Active,Data Structures,CS2102,4,B,82,Semester 2,2025
STU202710869,Aiman,Osman,aiman.osman869@university.edu.my,0142410906,Business Information Systems,2025-01-10,Active,Network Security,CS3301,3,B,86,Semester 1,2026
STU202710870,Sarah,Karim,sarah.karim870@university.edu.my,0114896375,Computer Science,2025-01-10,Active,Database Systems,CS2201,4,B,83,Semester 2,2026
STU202710871,Alicia,Lee,alicia.lee871@university.edu.my,0129733672,Cyber Security,2025-01-10,Active,Data Structures,CS2102,4,C+,78,Semester 1,2026
STU202710872,Hafiz,Hassan,hafiz.hassan872@university.edu.my,0188025006,Business Information Systems,2025-01-10,Active,Digital Forensics,CS4401,3,B-,81,Semester 2,2026
STU202710873,Sarah,Hassan,sarah.hassan873@university.edu.my,0103389900,Cyber Security,2025-01-10,Active,Web Development,IT2202,3,A-,89,Semester 1,2026
STU202710874,Kevin,Teoh,kevin.teoh874@university.edu.my,0126845315,Cyber Security,2025-01-10,Active,Web Development,IT2202,4,A-,90,Semester 2,2025
STU202710875,Faizal,Jaafar,faizal.jaafar875@university.edu.my,0155828411,Information Technology,2025-01-10,Active,Web Development,IT2202,4,B,84,Semester 2,2026
STU202710876,Farid,Lee,farid.lee876@university.edu.my,0197211578,Information Technology,2025-01-10,Active,Artificial Intelligence,CS3501,3,A,96,Semester 2,2026
STU202710877,Kevin,Hamid,kevin.hamid877@university.edu.my,0115138319,Information Technology,2025-01-10,Graduated,Machine Learning,CS4501,3,B+,89,Semester 1,2025
STU202710878,Farid,Osman,farid.osman878@university.edu.my,0189022336,Business Information Systems,2025-01-10,Active,Web Development,IT2202,3,B+,90,Semester 2,2026
STU202710879,Sarah,Lim,sarah.lim879@university.edu.my,0127808484,Business Information Systems,2025-01-10,Active,Data Structures,CS2102,4,A-,92,Semester 1,2025
STU202710880,Jason,Teoh,jason.teoh880@university.edu.my,0169709180,Computer Science,2025-01-10,Active,Digital Forensics,CS4401,4,B,85,Semester 1,2026
STU202710881,Amir,Tan,amir.tan881@university.edu.my,0169465355,Computer Science,2025-01-10,Active,Software Engineering,SE2201,3,B+,88,Semester 1,2026
STU202710882,Jason,Ismail,jason.ismail882@university.edu.my,0111054519,Cyber Security,2025-01-10,Graduated,Web Development,IT2202,3,A,93,Semester 2,2026
STU202710883,Nurul,Latif,nurul.latif883@university.edu.my,0119105036,Business Information Systems,2025-01-10,Active,Data Structures,CS2102,3,C+,78,Semester 2,2025
STU202710884,Daniel,Hassan,daniel.hassan884@university.edu.my,0146429520,Business Information Systems,2025-01-10,Active,Artificial Intelligence,CS3501,3,B,83,Semester 2,2026
STU202710885,Amir,Osman,amir.osman885@university.edu.my,0176360846,Business Information Systems,2025-01-10,Active,Software Engineering,SE2201,3,A,96,Semester 2,2026
STU202710886,Alicia,Osman,alicia.osman886@university.edu.my,0131063934,Cyber Security,2025-01-10,Graduated,Database Systems,CS2201,4,A-,90,Semester 1,2026
STU202710887,Farhana,Wong,farhana.wong887@university.edu.my,0139265201,Business Information Systems,2025-01-10,Active,Network Security,CS3301,4,B-,80,Semester 1,2026
STU202710888,Farhana,Karim,farhana.karim888@university.edu.my,0194534293,Computer Science,2025-01-10,Active,Artificial Intelligence,CS3501,3,C+,76,Semester 1,2026
STU202710889,Hanis,Jaafar,hanis.jaafar889@university.edu.my,0172331969,Cyber Security,2025-01-10,Graduated,Digital Forensics,CS4401,3,C+,76,Semester 2,2025
STU202710890,Hanis,Teoh,hanis.teoh890@university.edu.my,0146782721,Software Engineering,2025-01-10,Active,Software Engineering,SE2201,3,A-,89,Semester 2,2025
STU202710891,Farhana,Hashim,farhana.hashim891@university.edu.my,0107689574,Information Technology,2025-01-10,Active,Web Development,IT2202,4,B,83,Semester 2,2026
STU202710892,Farid,Ismail,farid.ismail892@university.edu.my,0113056723,Cyber Security,2025-01-10,Active,Artificial Intelligence,CS3501,3,C+,76,Semester 2,2025
STU202710893,Nadia,Karim,nadia.karim893@university.edu.my,0128876562,Cyber Security,2025-01-10,Active,Artificial Intelligence,CS3501,3,B,82,Semester 2,2025
STU202710894,Farid,Rahman,farid.rahman894@university.edu.my,0192758976,Information Technology,2025-01-10,Active,Computer Networks,IT2301,3,C+,74,Semester 1,2025
STU202710895,Aiman,Osman,aiman.osman895@university.edu.my,0167883001,Computer Science,2025-01-10,Active,Network Security,CS3301,3,B-,80,Semester 2,2025
STU202710896,Alicia,Karim,alicia.karim896@university.edu.my,0107944932,Software Engineering,2025-01-10,Active,Digital Forensics,CS4401,4,B,84,Semester 1,2025
STU202710897,Ahmad,Latif,ahmad.latif897@university.edu.my,0135091651,Software Engineering,2025-01-10,Graduated,Cloud Computing,IT3301,4,B,82,Semester 1,2026
STU202710898,Farhana,Karim,farhana.karim898@university.edu.my,0142017492,Cyber Security,2025-01-10,Active,Database Systems,CS2201,3,A,94,Semester 1,2026
STU202710899,Aisyah,Ismail,aisyah.ismail899@university.edu.my,0145906916,Software Engineering,2025-01-10,Graduated,Database Systems,CS2201,3,A,97,Semester 2,2025
STU202710900,Daniel,Lee,daniel.lee900@university.edu.my,0127625756,Business Information Systems,2025-01-10,Active,Web Development,IT2202,4,C+,75,Semester 2,2025
STU202710901,Kevin,Lee,kevin.lee901@university.edu.my,0125044334,Information Technology,2025-01-10,Active,Data Structures,CS2102,4,B+,87,Semester 2,2025
STU202710902,Kevin,Lim,kevin.lim902@university.edu.my,0194183431,Information Technology,2025-01-10,Graduated,Database Systems,CS2201,3,B+,90,Semester 1,2026
STU202710903,Aiman,Hamid,aiman.hamid903@university.edu.my,0123389218,Business Information Systems,2025-01-10,Graduated,Data Structures,CS2102,3,B,86,Semester 2,2026
STU202710904,Ahmad,Tan,ahmad.tan904@university.edu.my,0129456797,Software Engineering,2025-01-10,Active,Digital Forensics,CS4401,4,A,97,Semester 2,2026
STU202710905,Sarah,Lee,sarah.lee905@university.edu.my,0117935242,Business Information Systems,2025-01-10,Graduated,Software Engineering,SE2201,4,A,93,Semester 1,2025
STU202710906,Hanis,Saleh,hanis.saleh906@university.edu.my,0198173566,Cyber Security,2025-01-10,Active,Cloud Computing,IT3301,4,C+,76,Semester 1,2026
STU202710907,Aiman,Tan,aiman.tan907@university.edu.my,0101742264,Software Engineering,2025-01-10,Active,Database Systems,CS2201,4,A,93,Semester 2,2025
STU202710908,Amir,Rahman,amir.rahman908@university.edu.my,0138833527,Cyber Security,2025-01-10,Active,Machine Learning,CS4501,3,A-,92,Semester 1,2025
STU202710909,Aisyah,Osman,aisyah.osman909@university.edu.my,0153972604,Computer Science,2025-01-10,Active,Computer Networks,IT2301,3,B-,78,Semester 1,2025
STU202710910,Siti,Saleh,siti.saleh910@university.edu.my,0121656019,Software Engineering,2025-01-10,Active,Computer Networks,IT2301,3,B-,80,Semester 2,2025
STU202710911,Farhana,Osman,farhana.osman911@university.edu.my,0153887529,Cyber Security,2025-01-10,Active,Computer Networks,IT2301,3,C+,77,Semester 2,2025
STU202710912,Amir,Latif,amir.latif912@university.edu.my,0143845491,Cyber Security,2025-01-10,Active,Cloud Computing,IT3301,4,A,95,Semester 2,2025
STU202710913,Aisyah,Lim,aisyah.lim913@university.edu.my,0126662805,Cyber Security,2025-01-10,Graduated,Web Development,IT2202,4,A,94,Semester 1,2026
STU202710914,Alicia,Latif,alicia.latif914@university.edu.my,0131327202,Business Information Systems,2025-01-10,Graduated,Artificial Intelligence,CS3501,4,B,83,Semester 2,2025
STU202710915,Kevin,Hamid,kevin.hamid915@university.edu.my,0196096302,Cyber Security,2025-01-10,Active,Artificial Intelligence,CS3501,3,B-,80,Semester 1,2025
STU202710916,Alicia,Teoh,alicia.teoh916@university.edu.my,0181847285,Cyber Security,2025-01-10,Active,Database Systems,CS2201,4,B-,82,Semester 1,2025
STU202710917,Melissa,Jaafar,melissa.jaafar917@university.edu.my,0158893412,Business Information Systems,2025-01-10,Graduated,Digital Forensics,CS4401,4,B,82,Semester 2,2025
STU202710918,Faizal,Ali,faizal.ali918@university.edu.my,0186677176,Cyber Security,2025-01-10,Active,Machine Learning,CS4501,4,B-,79,Semester 1,2026
STU202710919,Aiman,Yusof,aiman.yusof919@university.edu.my,0121341414,Software Engineering,2025-01-10,Graduated,Machine Learning,CS4501,4,B,86,Semester 1,2026
STU202710920,Siti,Rahman,siti.rahman920@university.edu.my,0162567515,Software Engineering,2025-01-10,Graduated,Computer Networks,IT2301,4,A,93,Semester 1,2026
STU202710921,Aiman,Hashim,aiman.hashim921@university.edu.my,0147870642,Cyber Security,2025-01-10,Graduated,Cloud Computing,IT3301,3,A,97,Semester 2,2025
STU202710922,Farhana,Lim,farhana.lim922@university.edu.my,0162819470,Information Technology,2025-01-10,Active,Database Systems,CS2201,4,B+,87,Semester 2,2025
STU202710923,Faizal,Rahman,faizal.rahman923@university.edu.my,0126122321,Information Technology,2025-01-10,Graduated,Cloud Computing,IT3301,4,B-,79,Semester 2,2025
STU202710924,Amir,Zulkifli,amir.zulkifli924@university.edu.my,0135672103,Information Technology,2025-01-10,Active,Data Structures,CS2102,3,C+,77,Semester 2,2025
STU202710925,Farhana,Teoh,farhana.teoh925@university.edu.my,0189310722,Cyber Security,2025-01-10,Active,Network Security,CS3301,4,A-,89,Semester 1,2025
STU202710926,Siti,Hashim,siti.hashim926@university.edu.my,0129359368,Information Technology,2025-01-10,Active,Software Engineering,SE2201,4,B-,79,Semester 2,2026
STU202710927,Aiman,Mahmud,aiman.mahmud927@university.edu.my,0165866375,Cyber Security,2025-01-10,Active,Machine Learning,CS4501,4,B-,80,Semester 2,2025
STU202710928,Kevin,Ismail,kevin.ismail928@university.edu.my,0185996277,Cyber Security,2025-01-10,Graduated,Database Systems,CS2201,3,B,86,Semester 1,2025
STU202710929,Hanis,Saleh,hanis.saleh929@university.edu.my,0109283720,Business Information Systems,2025-01-10,Active,Data Structures,CS2102,3,A-,90,Semester 1,2025
STU202710930,Nurin,Osman,nurin.osman930@university.edu.my,0106283106,Computer Science,2025-01-10,Graduated,Machine Learning,CS4501,4,B-,80,Semester 2,2025
STU202710931,Faizal,Hashim,faizal.hashim931@university.edu.my,0197601242,Software Engineering,2025-01-10,Active,Database Systems,CS2201,4,C+,75,Semester 1,2025
STU202710932,Hafiz,Teoh,hafiz.teoh932@university.edu.my,0181123511,Computer Science,2025-01-10,Active,Data Structures,CS2102,4,C+,78,Semester 2,2025
STU202710933,Ahmad,Saleh,ahmad.saleh933@university.edu.my,0162604570,Business Information Systems,2025-01-10,Active,Computer Networks,IT2301,3,B-,82,Semester 1,2026
STU202710934,Aiman,Lee,aiman.lee934@university.edu.my,0165764636,Computer Science,2025-01-10,Active,Artificial Intelligence,CS3501,4,B+,89,Semester 2,2025
STU202710935,Nurul,Latif,nurul.latif935@university.edu.my,0105797863,Computer Science,2025-01-10,Active,Data Structures,CS2102,3,C+,75,Semester 2,2026
STU202710936,Jason,Ismail,jason.ismail936@university.edu.my,0118344256,Computer Science,2025-01-10,Active,Machine Learning,CS4501,3,B+,89,Semester 1,2026
STU202710937,Nadia,Saleh,nadia.saleh937@university.edu.my,0102071303,Cyber Security,2025-01-10,Active,Machine Learning,CS4501,4,C+,75,Semester 2,2026
STU202710938,Nurul,Wong,nurul.wong938@university.edu.my,0104686173,Cyber Security,2025-01-10,Active,Machine Learning,CS4501,4,B-,79,Semester 1,2026
STU202710939,Farhana,Lim,farhana.lim939@university.edu.my,0147633538,Software Engineering,2025-01-10,Active,Machine Learning,CS4501,4,B+,88,Semester 1,2025
STU202710940,Daniel,Karim,daniel.karim940@university.edu.my,0165785176,Computer Science,2025-01-10,Graduated,Digital Forensics,CS4401,4,A-,89,Semester 2,2026
STU202710941,Alicia,Chong,alicia.chong941@university.edu.my,0185243594,Computer Science,2025-01-10,Active,Artificial Intelligence,CS3501,3,A-,93,Semester 1,2025
STU202710942,Aiman,Osman,aiman.osman942@university.edu.my,0124058721,Business Information Systems,2025-01-10,Active,Machine Learning,CS4501,3,A,94,Semester 2,2026
STU202710943,Adam,Ismail,adam.ismail943@university.edu.my,0101387469,Cyber Security,2025-01-10,Active,Digital Forensics,CS4401,3,B,82,Semester 2,2025
STU202710944,Amir,Wong,amir.wong944@university.edu.my,0106705615,Cyber Security,2025-01-10,Graduated,Cloud Computing,IT3301,3,C+,74,Semester 1,2026
STU202710945,Farhana,Karim,farhana.karim945@university.edu.my,0183313733,Cyber Security,2025-01-10,Active,Software Engineering,SE2201,4,C+,75,Semester 2,2026
STU202710946,Kevin,Saleh,kevin.saleh946@university.edu.my,0187856811,Cyber Security,2025-01-10,Active,Artificial Intelligence,CS3501,3,C+,77,Semester 2,2026
STU202710947,Farhana,Ali,farhana.ali947@university.edu.my,0172175053,Computer Science,2025-01-10,Active,Network Security,CS3301,4,A-,91,Semester 2,2025
STU202710948,Farid,Zulkifli,farid.zulkifli948@university.edu.my,0131584167,Cyber Security,2025-01-10,Active,Software Engineering,SE2201,3,C+,77,Semester 2,2026
STU202710949,Melissa,Chong,melissa.chong949@university.edu.my,0175467229,Cyber Security,2025-01-10,Graduated,Computer Networks,IT2301,4,A-,90,Semester 2,2025
STU202710950,Nadia,Teoh,nadia.teoh950@university.edu.my,0149545851,Software Engineering,2025-01-10,Active,Database Systems,CS2201,4,B,82,Semester 1,2026
STU202710951,Jason,Chong,jason.chong951@university.edu.my,0152944269,Business Information Systems,2025-01-10,Graduated,Machine Learning,CS4501,3,A,97,Semester 2,2026
STU202710952,Aisyah,Lee,aisyah.lee952@university.edu.my,0139993911,Computer Science,2025-01-10,Active,Cloud Computing,IT3301,3,B-,78,Semester 2,2025
STU202710953,Siti,Rahman,siti.rahman953@university.edu.my,0134928910,Business Information Systems,2025-01-10,Active,Software Engineering,SE2201,3,C+,78,Semester 1,2025
STU202710954,Nurul,Latif,nurul.latif954@university.edu.my,0103685189,Business Information Systems,2025-01-10,Graduated,Data Structures,CS2102,3,C+,76,Semester 2,2025
STU202710955,Sarah,Latif,sarah.latif955@university.edu.my,0187531261,Business Information Systems,2025-01-10,Graduated,Computer Networks,IT2301,4,B,85,Semester 2,2025
STU202710956,Alicia,Zulkifli,alicia.zulkifli956@university.edu.my,0196089152,Information Technology,2025-01-10,Active,Machine Learning,CS4501,4,A,93,Semester 1,2025
STU202710957,Aisyah,Ali,aisyah.ali957@university.edu.my,0189205568,Cyber Security,2025-01-10,Active,Digital Forensics,CS4401,4,A-,93,Semester 1,2026
STU202710958,Hanis,Jaafar,hanis.jaafar958@university.edu.my,0119963860,Information Technology,2025-01-10,Active,Computer Networks,IT2301,3,C+,74,Semester 1,2025
STU202710959,Siti,Hassan,siti.hassan959@university.edu.my,0178445386,Software Engineering,2025-01-10,Graduated,Machine Learning,CS4501,4,C+,77,Semester 2,2025
STU202710960,Hanis,Jaafar,hanis.jaafar960@university.edu.my,0105125931,Software Engineering,2025-01-10,Graduated,Network Security,CS3301,3,A,96,Semester 1,2025
STU202710961,Hafiz,Yusof,hafiz.yusof961@university.edu.my,0106934475,Cyber Security,2025-01-10,Active,Computer Networks,IT2301,4,B+,88,Semester 2,2026
STU202710962,Aiman,Lim,aiman.lim962@university.edu.my,0113387202,Information Technology,2025-01-10,Active,Software Engineering,SE2201,4,A-,91,Semester 1,2025
STU202710963,Farid,Wong,farid.wong963@university.edu.my,0198117906,Software Engineering,2025-01-10,Active,Cloud Computing,IT3301,4,B,83,Semester 1,2026
STU202710964,Nadia,Latif,nadia.latif964@university.edu.my,0198992150,Software Engineering,2025-01-10,Active,Software Engineering,SE2201,3,B-,81,Semester 2,2025
STU202710965,Alicia,Yusof,alicia.yusof965@university.edu.my,0145115686,Information Technology,2025-01-10,Graduated,Digital Forensics,CS4401,4,C+,74,Semester 2,2025
STU202710966,Kevin,Ismail,kevin.ismail966@university.edu.my,0149650274,Information Technology,2025-01-10,Graduated,Artificial Intelligence,CS3501,4,B,85,Semester 2,2026
STU202710967,Hafiz,Hamid,hafiz.hamid967@university.edu.my,0145996649,Business Information Systems,2025-01-10,Active,Cloud Computing,IT3301,3,C+,77,Semester 2,2025
STU202710968,Faizal,Lee,faizal.lee968@university.edu.my,0122180443,Computer Science,2025-01-10,Graduated,Cloud Computing,IT3301,4,B,84,Semester 2,2025
STU202710969,Nurul,Lim,nurul.lim969@university.edu.my,0171935573,Software Engineering,2025-01-10,Graduated,Web Development,IT2202,3,A-,89,Semester 1,2026
STU202710970,Siti,Jaafar,siti.jaafar970@university.edu.my,0109366844,Cyber Security,2025-01-10,Graduated,Artificial Intelligence,CS3501,4,B+,87,Semester 2,2025
STU202710971,Sarah,Lim,sarah.lim971@university.edu.my,0174675829,Cyber Security,2025-01-10,Active,Data Structures,CS2102,3,A-,89,Semester 1,2025
STU202710972,Alicia,Jaafar,alicia.jaafar972@university.edu.my,0183276214,Information Technology,2025-01-10,Active,Artificial Intelligence,CS3501,4,B+,90,Semester 1,2025
STU202710973,Kevin,Ismail,kevin.ismail973@university.edu.my,0155917451,Information Technology,2025-01-10,Active,Computer Networks,IT2301,4,B,86,Semester 1,2026
STU202710974,Hanis,Hamid,hanis.hamid974@university.edu.my,0153984584,Business Information Systems,2025-01-10,Active,Data Structures,CS2102,3,A-,91,Semester 2,2025
STU202710975,Nurin,Wong,nurin.wong975@university.edu.my,0111644223,Computer Science,2025-01-10,Graduated,Web Development,IT2202,3,A,97,Semester 1,2025
STU202710976,Hafiz,Lee,hafiz.lee976@university.edu.my,0114507179,Software Engineering,2025-01-10,Active,Digital Forensics,CS4401,3,B,82,Semester 2,2025
STU202710977,Farhana,Zulkifli,farhana.zulkifli977@university.edu.my,0129073628,Computer Science,2025-01-10,Active,Computer Networks,IT2301,3,B-,80,Semester 2,2025
STU202710978,Hanis,Ali,hanis.ali978@university.edu.my,0132154887,Software Engineering,2025-01-10,Active,Digital Forensics,CS4401,3,B+,90,Semester 1,2025
STU202710979,Nadia,Tan,nadia.tan979@university.edu.my,0112732732,Information Technology,2025-01-10,Active,Software Engineering,SE2201,3,B-,81,Semester 1,2026
STU202710980,Kevin,Hassan,kevin.hassan980@university.edu.my,0111354254,Computer Science,2025-01-10,Active,Digital Forensics,CS4401,3,B-,82,Semester 2,2025
STU202710981,Alicia,Wong,alicia.wong981@university.edu.my,0156845534,Business Information Systems,2025-01-10,Active,Software Engineering,SE2201,4,A,93,Semester 1,2026
STU202710982,Daniel,Zulkifli,daniel.zulkifli982@university.edu.my,0148468610,Software Engineering,2025-01-10,Graduated,Cloud Computing,IT3301,3,A,93,Semester 2,2025
STU202710983,Farhana,Karim,farhana.karim983@university.edu.my,0193059705,Computer Science,2025-01-10,Active,Computer Networks,IT2301,3,B-,81,Semester 2,2026
STU202710984,Farid,Latif,farid.latif984@university.edu.my,0117357390,Information Technology,2025-01-10,Graduated,Digital Forensics,CS4401,4,B-,82,Semester 2,2025
STU202710985,Alicia,Rahman,alicia.rahman985@university.edu.my,0118421440,Business Information Systems,2025-01-10,Graduated,Web Development,IT2202,3,B-,82,Semester 1,2026
STU202710986,Aisyah,Teoh,aisyah.teoh986@university.edu.my,0125879861,Business Information Systems,2025-01-10,Graduated,Web Development,IT2202,3,A,96,Semester 2,2026
STU202710987,Daniel,Jaafar,daniel.jaafar987@university.edu.my,0117901152,Business Information Systems,2025-01-10,Active,Database Systems,CS2201,4,A,94,Semester 1,2025
STU202710988,Alicia,Jaafar,alicia.jaafar988@university.edu.my,0137638074,Business Information Systems,2025-01-10,Active,Computer Networks,IT2301,4,A-,90,Semester 1,2025
STU202710989,Alicia,Zulkifli,alicia.zulkifli989@university.edu.my,0151375244,Information Technology,2025-01-10,Graduated,Computer Networks,IT2301,3,C+,77,Semester 1,2026
STU202710990,Kevin,Lee,kevin.lee990@university.edu.my,0104922444,Computer Science,2025-01-10,Graduated,Computer Networks,IT2301,4,B,84,Semester 1,2025
STU202710991,Jason,Teoh,jason.teoh991@university.edu.my,0137373844,Software Engineering,2025-01-10,Active,Computer Networks,IT2301,3,B,86,Semester 1,2025
STU202710992,Hafiz,Rahman,hafiz.rahman992@university.edu.my,0168033923,Software Engineering,2025-01-10,Active,Computer Networks,IT2301,4,B-,80,Semester 1,2025
STU202710993,Melissa,Hashim,melissa.hashim993@university.edu.my,0106396557,Information Technology,2025-01-10,Active,Network Security,CS3301,4,A-,90,Semester 1,2025
STU202710994,Aiman,Wong,aiman.wong994@university.edu.my,0196045321,Software Engineering,2025-01-10,Active,Network Security,CS3301,3,B,84,Semester 2,2025
STU202710995,Kevin,Hashim,kevin.hashim995@university.edu.my,0166068116,Cyber Security,2025-01-10,Active,Artificial Intelligence,CS3501,4,A-,89,Semester 2,2025
STU202710996,Nurul,Karim,nurul.karim996@university.edu.my,0124377393,Information Technology,2025-01-10,Active,Data Structures,CS2102,3,B+,88,Semester 1,2025
STU202710997,Adam,Chong,adam.chong997@university.edu.my,0194762981,Information Technology,2025-01-10,Active,Computer Networks,IT2301,4,B+,86,Semester 1,2025
STU202710998,Sarah,Hassan,sarah.hassan998@university.edu.my,0196136626,Software Engineering,2025-01-10,Active,Software Engineering,SE2201,3,A-,91,Semester 2,2026
STU202710999,Nadia,Hamid,nadia.hamid999@university.edu.my,0179374942,Information Technology,2025-01-10,Graduated,Data Structures,CS2102,4,B,86,Semester 1,2026
STU202711000,Jason,Lim,jason.lim1000@university.edu.my,0102625056,Business Information Systems,2025-01-10,Active,Database Systems,CS2201,3,B+,87,Semester 1,2026
STU202711001,Nurin,Osman,nurin.osman1001@university.edu.my,0114678738,Cyber Security,2025-01-10,Graduated,Software Engineering,SE2201,3,C+,76,Semester 2,2026
STU202711002,Hafiz,Tan,hafiz.tan1002@university.edu.my,0184524335,Software Engineering,2025-01-10,Active,Machine Learning,CS4501,4,B,86,Semester 1,2026
STU202711003,Farhana,Lee,farhana.lee1003@university.edu.my,0126880473,Business Information Systems,2025-01-10,Active,Network Security,CS3301,4,B,84,Semester 1,2025
STU202711004,Sarah,Ismail,sarah.ismail1004@university.edu.my,0127841334,Computer Science,2025-01-10,Active,Network Security,CS3301,3,A-,92,Semester 1,2025
STU202711005,Sarah,Osman,sarah.osman1005@university.edu.my,0143023913,Software Engineering,2025-01-10,Active,Digital Forensics,CS4401,3,A-,89,Semester 1,2026
STU202711006,Aiman,Osman,aiman.osman1006@university.edu.my,0167117005,Information Technology,2025-01-10,Active,Digital Forensics,CS4401,3,B-,82,Semester 2,2025
STU202711007,Aisyah,Lee,aisyah.lee1007@university.edu.my,0104846712,Computer Science,2025-01-10,Graduated,Digital Forensics,CS4401,3,B-,81,Semester 2,2026
STU202711008,Daniel,Latif,daniel.latif1008@university.edu.my,0156619885,Information Technology,2025-01-10,Graduated,Software Engineering,SE2201,4,B+,89,Semester 2,2025
STU202711009,Farid,Yusof,farid.yusof1009@university.edu.my,0138532778,Business Information Systems,2025-01-10,Active,Machine Learning,CS4501,3,A,97,Semester 2,2025
STU202711010,Kevin,Teoh,kevin.teoh1010@university.edu.my,0132202640,Business Information Systems,2025-01-10,Active,Network Security,CS3301,4,B-,82,Semester 2,2025
STU202711011,Alicia,Lim,alicia.lim1011@university.edu.my,0177169954,Information Technology,2025-01-10,Active,Software Engineering,SE2201,4,B,82,Semester 1,2025
STU202711012,Faizal,Ismail,faizal.ismail1012@university.edu.my,0181023883,Cyber Security,2025-01-10,Active,Software Engineering,SE2201,3,B-,81,Semester 1,2025
STU202711013,Amir,Osman,amir.osman1013@university.edu.my,0119999692,Information Technology,2025-01-10,Active,Artificial Intelligence,CS3501,4,A,94,Semester 1,2025
STU202711014,Aiman,Teoh,aiman.teoh1014@university.edu.my,0191920516,Business Information Systems,2025-01-10,Active,Machine Learning,CS4501,4,B-,80,Semester 2,2025
STU202711015,Amir,Karim,amir.karim1015@university.edu.my,0147755374,Business Information Systems,2025-01-10,Graduated,Data Structures,CS2102,3,C+,78,Semester 2,2025
STU202711016,Ahmad,Hamid,ahmad.hamid1016@university.edu.my,0176735959,Software Engineering,2025-01-10,Graduated,Data Structures,CS2102,3,A,96,Semester 2,2025
STU202711017,Faizal,Mahmud,faizal.mahmud1017@university.edu.my,0137118831,Cyber Security,2025-01-10,Graduated,Database Systems,CS2201,3,A,97,Semester 1,2026
STU202711018,Faizal,Hashim,faizal.hashim1018@university.edu.my,0159348608,Business Information Systems,2025-01-10,Active,Network Security,CS3301,3,A-,90,Semester 1,2026
STU202711019,Farid,Chong,farid.chong1019@university.edu.my,0134501571,Software Engineering,2025-01-10,Active,Data Structures,CS2102,4,B,86,Semester 2,2026
STU202711020,Nadia,Osman,nadia.osman1020@university.edu.my,0181342782,Computer Science,2025-01-10,Active,Computer Networks,IT2301,3,A,97,Semester 2,2025
STU202711021,Ahmad,Wong,ahmad.wong1021@university.edu.my,0197486072,Software Engineering,2025-01-10,Active,Network Security,CS3301,3,B+,88,Semester 1,2025
STU202711022,Melissa,Rahman,melissa.rahman1022@university.edu.my,0152578573,Information Technology,2025-01-10,Active,Data Structures,CS2102,3,A-,89,Semester 1,2026
STU202711023,Aisyah,Wong,aisyah.wong1023@university.edu.my,0181108142,Cyber Security,2025-01-10,Graduated,Web Development,IT2202,4,A-,90,Semester 2,2026
STU202711024,Ahmad,Karim,ahmad.karim1024@university.edu.my,0157932817,Software Engineering,2025-01-10,Active,Data Structures,CS2102,4,B+,89,Semester 1,2026
STU202711025,Sarah,Saleh,sarah.saleh1025@university.edu.my,0118257695,Computer Science,2025-01-10,Active,Web Development,IT2202,3,B+,89,Semester 1,2025
STU202711026,Nadia,Lim,nadia.lim1026@university.edu.my,0164795783,Computer Science,2025-01-10,Active,Computer Networks,IT2301,4,A-,92,Semester 1,2026
STU202711027,Melissa,Yusof,melissa.yusof1027@university.edu.my,0106288243,Information Technology,2025-01-10,Active,Artificial Intelligence,CS3501,4,B-,79,Semester 2,2025
STU202711028,Adam,Wong,adam.wong1028@university.edu.my,0137239676,Software Engineering,2025-01-10,Active,Data Structures,CS2102,4,B-,78,Semester 1,2026
STU202711029,Sarah,Latif,sarah.latif1029@university.edu.my,0107923963,Business Information Systems,2025-01-10,Graduated,Artificial Intelligence,CS3501,4,B,85,Semester 1,2026
STU202711030,Hanis,Osman,hanis.osman1030@university.edu.my,0147479711,Business Information Systems,2025-01-10,Graduated,Software Engineering,SE2201,4,C+,76,Semester 2,2025
STU202711031,Nurin,Zulkifli,nurin.zulkifli1031@university.edu.my,0186955844,Computer Science,2025-01-10,Active,Data Structures,CS2102,4,C+,76,Semester 2,2025
STU202711032,Nurul,Tan,nurul.tan1032@university.edu.my,0114618200,Computer Science,2025-01-10,Active,Database Systems,CS2201,4,A-,93,Semester 1,2025
STU202711033,Jason,Teoh,jason.teoh1033@university.edu.my,0171523942,Cyber Security,2025-01-10,Active,Machine Learning,CS4501,3,B+,89,Semester 1,2026
STU202711034,Siti,Ismail,siti.ismail1034@university.edu.my,0162939132,Computer Science,2025-01-10,Active,Network Security,CS3301,4,B-,78,Semester 1,2026
STU202711035,Aisyah,Jaafar,aisyah.jaafar1035@university.edu.my,0147824663,Computer Science,2025-01-10,Active,Cloud Computing,IT3301,3,B,84,Semester 2,2026
STU202711036,Alicia,Hamid,alicia.hamid1036@university.edu.my,0176857784,Information Technology,2025-01-10,Active,Database Systems,CS2201,3,B+,89,Semester 2,2026
STU202711037,Ahmad,Hashim,ahmad.hashim1037@university.edu.my,0163790575,Business Information Systems,2025-01-10,Active,Network Security,CS3301,4,C+,76,Semester 1,2025
STU202711038,Aiman,Hashim,aiman.hashim1038@university.edu.my,0168544264,Business Information Systems,2025-01-10,Active,Software Engineering,SE2201,4,C+,77,Semester 2,2026
STU202711039,Aisyah,Zulkifli,aisyah.zulkifli1039@university.edu.my,0149808960,Information Technology,2025-01-10,Active,Cloud Computing,IT3301,4,A,93,Semester 2,2025
STU202711040,Daniel,Zulkifli,daniel.zulkifli1040@university.edu.my,0139284248,Information Technology,2025-01-10,Active,Software Engineering,SE2201,4,B+,87,Semester 2,2026
STU202711041,Hafiz,Ali,hafiz.ali1041@university.edu.my,0162406792,Software Engineering,2025-01-10,Active,Web Development,IT2202,3,B+,89,Semester 2,2026
STU202711042,Daniel,Wong,daniel.wong1042@university.edu.my,0135621608,Computer Science,2025-01-10,Active,Cloud Computing,IT3301,4,A-,93,Semester 2,2026
STU202711043,Farid,Hassan,farid.hassan1043@university.edu.my,0171706170,Information Technology,2025-01-10,Active,Computer Networks,IT2301,3,C+,76,Semester 2,2025
STU202711044,Nurin,Teoh,nurin.teoh1044@university.edu.my,0186777379,Software Engineering,2025-01-10,Graduated,Web Development,IT2202,3,B-,81,Semester 1,2025
STU202711045,Daniel,Wong,daniel.wong1045@university.edu.my,0167651516,Cyber Security,2025-01-10,Active,Machine Learning,CS4501,3,C+,75,Semester 1,2026
STU202711046,Melissa,Yusof,melissa.yusof1046@university.edu.my,0166729617,Computer Science,2025-01-10,Active,Computer Networks,IT2301,4,B-,81,Semester 2,2025
STU202711047,Siti,Rahman,siti.rahman1047@university.edu.my,0187762986,Business Information Systems,2025-01-10,Active,Web Development,IT2202,3,B-,79,Semester 2,2026
STU202711048,Melissa,Ali,melissa.ali1048@university.edu.my,0114350067,Business Information Systems,2025-01-10,Active,Artificial Intelligence,CS3501,4,B,86,Semester 1,2026
STU202711049,Aiman,Yusof,aiman.yusof1049@university.edu.my,0132233825,Information Technology,2025-01-10,Active,Software Engineering,SE2201,3,A,96,Semester 2,2025
STU202711050,Melissa,Yusof,melissa.yusof1050@university.edu.my,0161987741,Software Engineering,2025-01-10,Active,Cloud Computing,IT3301,3,B-,79,Semester 1,2026
STU202711051,Hanis,Ismail,hanis.ismail1051@university.edu.my,0198694785,Business Information Systems,2025-01-10,Active,Computer Networks,IT2301,4,B+,90,Semester 1,2025
STU202711052,Amir,Jaafar,amir.jaafar1052@university.edu.my,0173251146,Business Information Systems,2025-01-10,Active,Machine Learning,CS4501,4,B-,82,Semester 1,2025
STU202711053,Nurin,Jaafar,nurin.jaafar1053@university.edu.my,0161197473,Software Engineering,2025-01-10,Graduated,Network Security,CS3301,4,B+,86,Semester 2,2025
STU202711054,Amir,Hassan,amir.hassan1054@university.edu.my,0119512292,Cyber Security,2025-01-10,Active,Cloud Computing,IT3301,3,B,83,Semester 2,2025
STU202711055,Farid,Mahmud,farid.mahmud1055@university.edu.my,0112822058,Business Information Systems,2025-01-10,Active,Database Systems,CS2201,4,B,83,Semester 1,2026
STU202711056,Siti,Jaafar,siti.jaafar1056@university.edu.my,0125351088,Information Technology,2025-01-10,Active,Network Security,CS3301,3,A,95,Semester 2,2026
STU202711057,Farid,Lim,farid.lim1057@university.edu.my,0152680297,Software Engineering,2025-01-10,Active,Machine Learning,CS4501,4,B,83,Semester 2,2025
STU202711058,Daniel,Teoh,daniel.teoh1058@university.edu.my,0126183116,Software Engineering,2025-01-10,Active,Software Engineering,SE2201,3,A,94,Semester 1,2025
STU202711059,Adam,Rahman,adam.rahman1059@university.edu.my,0151008815,Information Technology,2025-01-10,Active,Digital Forensics,CS4401,3,B,83,Semester 1,2025
STU202711060,Amir,Rahman,amir.rahman1060@university.edu.my,0121452951,Information Technology,2025-01-10,Graduated,Web Development,IT2202,4,B,86,Semester 1,2026
STU202711061,Nurin,Mahmud,nurin.mahmud1061@university.edu.my,0187427682,Cyber Security,2025-01-10,Active,Data Structures,CS2102,4,C+,74,Semester 2,2026
STU202711062,Adam,Yusof,adam.yusof1062@university.edu.my,0131144897,Computer Science,2025-01-10,Active,Data Structures,CS2102,3,B+,88,Semester 2,2026
STU202711063,Siti,Hamid,siti.hamid1063@university.edu.my,0107249697,Software Engineering,2025-01-10,Graduated,Machine Learning,CS4501,4,B-,81,Semester 1,2026
STU202711064,Jason,Hamid,jason.hamid1064@university.edu.my,0169849333,Business Information Systems,2025-01-10,Active,Database Systems,CS2201,3,B+,88,Semester 1,2025
STU202711065,Aisyah,Osman,aisyah.osman1065@university.edu.my,0198746883,Software Engineering,2025-01-10,Graduated,Computer Networks,IT2301,4,B+,86,Semester 1,2026
STU202711066,Adam,Mahmud,adam.mahmud1066@university.edu.my,0118990811,Information Technology,2025-01-10,Active,Network Security,CS3301,3,B-,80,Semester 1,2026
STU202711067,Sarah,Latif,sarah.latif1067@university.edu.my,0148062312,Business Information Systems,2025-01-10,Active,Software Engineering,SE2201,3,B-,81,Semester 1,2025
STU202711068,Hanis,Ismail,hanis.ismail1068@university.edu.my,0184013354,Software Engineering,2025-01-10,Active,Cloud Computing,IT3301,4,B+,86,Semester 1,2025
STU202711069,Sarah,Hamid,sarah.hamid1069@university.edu.my,0146651615,Information Technology,2025-01-10,Active,Network Security,CS3301,4,B,86,Semester 2,2026
STU202711070,Adam,Zulkifli,adam.zulkifli1070@university.edu.my,0147866389,Information Technology,2025-01-10,Active,Network Security,CS3301,3,A,96,Semester 1,2026
STU202711071,Hanis,Karim,hanis.karim1071@university.edu.my,0185241873,Business Information Systems,2025-01-10,Active,Network Security,CS3301,4,C+,78,Semester 2,2025
STU202711072,Sarah,Ali,sarah.ali1072@university.edu.my,0111806371,Computer Science,2025-01-10,Active,Data Structures,CS2102,4,A,94,Semester 2,2026
STU202711073,Sarah,Jaafar,sarah.jaafar1073@university.edu.my,0145350226,Software Engineering,2025-01-10,Active,Computer Networks,IT2301,3,A,93,Semester 2,2026
STU202711074,Siti,Hassan,siti.hassan1074@university.edu.my,0127967704,Computer Science,2025-01-10,Active,Data Structures,CS2102,4,A,93,Semester 1,2025
STU202711075,Siti,Tan,siti.tan1075@university.edu.my,0118547829,Computer Science,2025-01-10,Graduated,Data Structures,CS2102,4,C+,74,Semester 2,2026
STU202711076,Kevin,Ali,kevin.ali1076@university.edu.my,0109295206,Information Technology,2025-01-10,Active,Machine Learning,CS4501,3,C+,75,Semester 2,2025
STU202711077,Siti,Hashim,siti.hashim1077@university.edu.my,0108264128,Business Information Systems,2025-01-10,Active,Artificial Intelligence,CS3501,3,A,93,Semester 2,2025
STU202711078,Adam,Hashim,adam.hashim1078@university.edu.my,0108670854,Software Engineering,2025-01-10,Active,Software Engineering,SE2201,4,A-,89,Semester 1,2025
STU202711079,Kevin,Yusof,kevin.yusof1079@university.edu.my,0196658184,Information Technology,2025-01-10,Active,Software Engineering,SE2201,3,C+,74,Semester 1,2025
STU202711080,Hafiz,Teoh,hafiz.teoh1080@university.edu.my,0172837265,Business Information Systems,2025-01-10,Active,Machine Learning,CS4501,3,B-,80,Semester 1,2025
STU202711081,Farhana,Jaafar,farhana.jaafar1081@university.edu.my,0123650819,Information Technology,2025-01-10,Active,Digital Forensics,CS4401,3,C+,76,Semester 1,2026
STU202711082,Siti,Chong,siti.chong1082@university.edu.my,0131124172,Business Information Systems,2025-01-10,Active,Software Engineering,SE2201,3,B+,89,Semester 2,2025
STU202711083,Ahmad,Rahman,ahmad.rahman1083@university.edu.my,0164137220,Business Information Systems,2025-01-10,Graduated,Artificial Intelligence,CS3501,4,B-,80,Semester 1,2025
STU202711084,Jason,Jaafar,jason.jaafar1084@university.edu.my,0185571009,Business Information Systems,2025-01-10,Active,Computer Networks,IT2301,3,A-,91,Semester 2,2026
STU202711085,Siti,Hamid,siti.hamid1085@university.edu.my,0192862941,Software Engineering,2025-01-10,Active,Machine Learning,CS4501,4,B-,79,Semester 1,2026
STU202711086,Melissa,Wong,melissa.wong1086@university.edu.my,0112042769,Business Information Systems,2025-01-10,Active,Digital Forensics,CS4401,4,B-,79,Semester 2,2026
STU202711087,Amir,Chong,amir.chong1087@university.edu.my,0156162104,Business Information Systems,2025-01-10,Active,Digital Forensics,CS4401,3,A,95,Semester 1,2026
STU202711088,Nurul,Latif,nurul.latif1088@university.edu.my,0112537829,Business Information Systems,2025-01-10,Active,Web Development,IT2202,4,B-,78,Semester 2,2026
STU202711089,Aiman,Chong,aiman.chong1089@university.edu.my,0191457943,Software Engineering,2025-01-10,Active,Machine Learning,CS4501,3,C+,77,Semester 2,2026
STU202711090,Jason,Mahmud,jason.mahmud1090@university.edu.my,0174731411,Software Engineering,2025-01-10,Active,Machine Learning,CS4501,3,B,86,Semester 1,2026
STU202711091,Sarah,Saleh,sarah.saleh1091@university.edu.my,0102886234,Software Engineering,2025-01-10,Active,Digital Forensics,CS4401,4,B-,79,Semester 2,2026
STU202711092,Alicia,Rahman,alicia.rahman1092@university.edu.my,0147326272,Cyber Security,2025-01-10,Active,Database Systems,CS2201,4,A-,90,Semester 2,2025
STU202711093,Nadia,Teoh,nadia.teoh1093@university.edu.my,0178574884,Software Engineering,2025-01-10,Active,Artificial Intelligence,CS3501,3,B+,90,Semester 2,2026
STU202711094,Nurul,Saleh,nurul.saleh1094@university.edu.my,0127665295,Cyber Security,2025-01-10,Active,Database Systems,CS2201,3,A,95,Semester 2,2026
STU202711095,Daniel,Ali,daniel.ali1095@university.edu.my,0148402334,Computer Science,2025-01-10,Active,Database Systems,CS2201,4,A-,89,Semester 1,2025
STU202711096,Nurin,Ismail,nurin.ismail1096@university.edu.my,0113277330,Information Technology,2025-01-10,Graduated,Computer Networks,IT2301,3,B+,87,Semester 1,2026
STU202711097,Nurul,Tan,nurul.tan1097@university.edu.my,0129901630,Cyber Security,2025-01-10,Graduated,Cloud Computing,IT3301,4,A,95,Semester 1,2026
STU202711098,Farid,Chong,farid.chong1098@university.edu.my,0192839474,Business Information Systems,2025-01-10,Active,Cloud Computing,IT3301,4,C+,75,Semester 1,2025
STU202711099,Farid,Rahman,farid.rahman1099@university.edu.my,0125688446,Software Engineering,2025-01-10,Graduated,Web Development,IT2202,3,B-,81,Semester 1,2026
STU202711100,Nadia,Teoh,nadia.teoh1100@university.edu.my,0127910193,Cyber Security,2025-01-10,Active,Digital Forensics,CS4401,4,B,86,Semester 2,2026
STU202711101,Farhana,Osman,farhana.osman1101@university.edu.my,0137941684,Information Technology,2025-01-10,Graduated,Data Structures,CS2102,3,B-,78,Semester 2,2025
STU202711102,Ahmad,Tan,ahmad.tan1102@university.edu.my,0199378209,Software Engineering,2025-01-10,Active,Web Development,IT2202,3,B-,81,Semester 1,2026
STU202711103,Farhana,Wong,farhana.wong1103@university.edu.my,0114495819,Software Engineering,2025-01-10,Active,Network Security,CS3301,3,A,94,Semester 2,2025
STU202711104,Jason,Ismail,jason.ismail1104@university.edu.my,0197451154,Business Information Systems,2025-01-10,Graduated,Computer Networks,IT2301,3,A,95,Semester 2,2026
STU202711105,Siti,Ismail,siti.ismail1105@university.edu.my,0182398360,Business Information Systems,2025-01-10,Active,Data Structures,CS2102,3,B+,87,Semester 1,2025
STU202711106,Melissa,Chong,melissa.chong1106@university.edu.my,0172336322,Software Engineering,2025-01-10,Active,Artificial Intelligence,CS3501,3,A,97,Semester 2,2026
STU202711107,Hanis,Rahman,hanis.rahman1107@university.edu.my,0106489076,Cyber Security,2025-01-10,Active,Artificial Intelligence,CS3501,4,B,83,Semester 1,2025
STU202711108,Siti,Hashim,siti.hashim1108@university.edu.my,0197322520,Cyber Security,2025-01-10,Active,Cloud Computing,IT3301,3,C+,77,Semester 2,2025
STU202711109,Siti,Wong,siti.wong1109@university.edu.my,0187992098,Information Technology,2025-01-10,Active,Digital Forensics,CS4401,3,C+,77,Semester 2,2025
STU202711110,Farid,Rahman,farid.rahman1110@university.edu.my,0143597407,Computer Science,2025-01-10,Active,Digital Forensics,CS4401,3,C+,76,Semester 2,2026
STU202711111,Hanis,Hassan,hanis.hassan1111@university.edu.my,0138367195,Business Information Systems,2025-01-10,Active,Machine Learning,CS4501,4,C+,77,Semester 1,2026
STU202711112,Faizal,Hamid,faizal.hamid1112@university.edu.my,0168324355,Business Information Systems,2025-01-10,Active,Artificial Intelligence,CS3501,3,B+,90,Semester 2,2026
STU202711113,Daniel,Hassan,daniel.hassan1113@university.edu.my,0168647783,Computer Science,2025-01-10,Active,Cloud Computing,IT3301,4,B-,81,Semester 1,2026
STU202711114,Hafiz,Wong,hafiz.wong1114@university.edu.my,0104861421,Computer Science,2025-01-10,Active,Web Development,IT2202,4,A-,93,Semester 1,2025
STU202711115,Hafiz,Ismail,hafiz.ismail1115@university.edu.my,0115316083,Cyber Security,2025-01-10,Graduated,Artificial Intelligence,CS3501,4,B+,88,Semester 1,2026
STU202711116,Nurin,Rahman,nurin.rahman1116@university.edu.my,0131355740,Cyber Security,2025-01-10,Graduated,Network Security,CS3301,4,A,95,Semester 1,2025
STU202711117,Nurul,Saleh,nurul.saleh1117@university.edu.my,0145361714,Information Technology,2025-01-10,Active,Digital Forensics,CS4401,3,A,97,Semester 1,2025
STU202711118,Aiman,Chong,aiman.chong1118@university.edu.my,0122777613,Cyber Security,2025-01-10,Active,Computer Networks,IT2301,3,A,95,Semester 1,2025
STU202711119,Hafiz,Wong,hafiz.wong1119@university.edu.my,0151037415,Cyber Security,2025-01-10,Active,Artificial Intelligence,CS3501,4,C+,77,Semester 1,2025
STU202711120,Adam,Osman,adam.osman1120@university.edu.my,0134823499,Software Engineering,2025-01-10,Active,Data Structures,CS2102,3,B,85,Semester 1,2025
STU202711121,Aisyah,Hashim,aisyah.hashim1121@university.edu.my,0136756953,Computer Science,2025-01-10,Active,Artificial Intelligence,CS3501,4,A-,92,Semester 2,2025
STU202711122,Faizal,Tan,faizal.tan1122@university.edu.my,0139710347,Software Engineering,2025-01-10,Active,Data Structures,CS2102,4,A-,89,Semester 2,2026
STU202711123,Farhana,Hassan,farhana.hassan1123@university.edu.my,0112797477,Information Technology,2025-01-10,Active,Computer Networks,IT2301,3,B,85,Semester 2,2025
STU202711124,Melissa,Osman,melissa.osman1124@university.edu.my,0121714378,Cyber Security,2025-01-10,Graduated,Database Systems,CS2201,4,B+,88,Semester 1,2025
STU202711125,Aisyah,Karim,aisyah.karim1125@university.edu.my,0131240220,Software Engineering,2025-01-10,Graduated,Cloud Computing,IT3301,3,A-,91,Semester 2,2025
STU202711126,Nurul,Chong,nurul.chong1126@university.edu.my,0121494496,Cyber Security,2025-01-10,Graduated,Digital Forensics,CS4401,3,A,93,Semester 1,2026
STU202711127,Hafiz,Hamid,hafiz.hamid1127@university.edu.my,0131061788,Information Technology,2025-01-10,Graduated,Software Engineering,SE2201,3,B,86,Semester 2,2025
STU202711128,Siti,Yusof,siti.yusof1128@university.edu.my,0158116821,Business Information Systems,2025-01-10,Active,Web Development,IT2202,4,B,83,Semester 1,2025
STU202711129,Adam,Hamid,adam.hamid1129@university.edu.my,0122878383,Information Technology,2025-01-10,Active,Computer Networks,IT2301,3,B,83,Semester 1,2026
STU202711130,Nurin,Rahman,nurin.rahman1130@university.edu.my,0172213612,Cyber Security,2025-01-10,Active,Cloud Computing,IT3301,4,B+,88,Semester 2,2026
STU202711131,Farhana,Lim,farhana.lim1131@university.edu.my,0174253599,Business Information Systems,2025-01-10,Graduated,Web Development,IT2202,4,A,94,Semester 1,2025
STU202711132,Nadia,Latif,nadia.latif1132@university.edu.my,0121421310,Cyber Security,2025-01-10,Active,Web Development,IT2202,3,A-,93,Semester 1,2026
STU202711133,Aisyah,Yusof,aisyah.yusof1133@university.edu.my,0132427499,Information Technology,2025-01-10,Active,Computer Networks,IT2301,4,B-,82,Semester 1,2025
STU202711134,Hafiz,Rahman,hafiz.rahman1134@university.edu.my,0127759969,Cyber Security,2025-01-10,Active,Web Development,IT2202,4,B-,82,Semester 1,2026
STU202711135,Sarah,Hashim,sarah.hashim1135@university.edu.my,0157345314,Computer Science,2025-01-10,Active,Database Systems,CS2201,4,B+,89,Semester 1,2026
STU202711136,Aiman,Chong,aiman.chong1136@university.edu.my,0176853795,Information Technology,2025-01-10,Active,Computer Networks,IT2301,4,B+,86,Semester 1,2026
STU202711137,Sarah,Lim,sarah.lim1137@university.edu.my,0129325357,Business Information Systems,2025-01-10,Graduated,Machine Learning,CS4501,3,B,84,Semester 2,2026
STU202711138,Adam,Lim,adam.lim1138@university.edu.my,0133784791,Information Technology,2025-01-10,Active,Computer Networks,IT2301,4,C+,74,Semester 2,2025
STU202711139,Siti,Zulkifli,siti.zulkifli1139@university.edu.my,0169945482,Business Information Systems,2025-01-10,Active,Data Structures,CS2102,4,C+,76,Semester 2,2025
STU202711140,Farid,Karim,farid.karim1140@university.edu.my,0157261069,Information Technology,2025-01-10,Active,Web Development,IT2202,3,A,95,Semester 2,2026
STU202711141,Kevin,Hamid,kevin.hamid1141@university.edu.my,0127606470,Cyber Security,2025-01-10,Active,Digital Forensics,CS4401,4,C+,77,Semester 1,2025
STU202711142,Nadia,Zulkifli,nadia.zulkifli1142@university.edu.my,0151462207,Business Information Systems,2025-01-10,Active,Data Structures,CS2102,3,C+,75,Semester 2,2025
STU202711143,Amir,Jaafar,amir.jaafar1143@university.edu.my,0111982361,Cyber Security,2025-01-10,Active,Database Systems,CS2201,3,A-,91,Semester 1,2026
STU202711144,Nadia,Hashim,nadia.hashim1144@university.edu.my,0166121471,Computer Science,2025-01-10,Active,Machine Learning,CS4501,3,C+,75,Semester 1,2025
STU202711145,Kevin,Ali,kevin.ali1145@university.edu.my,0148820377,Cyber Security,2025-01-10,Active,Machine Learning,CS4501,3,A,93,Semester 2,2025
STU202711146,Adam,Lim,adam.lim1146@university.edu.my,0136448842,Information Technology,2025-01-10,Active,Software Engineering,SE2201,4,B,83,Semester 2,2025
STU202711147,Nadia,Tan,nadia.tan1147@university.edu.my,0192715695,Computer Science,2025-01-10,Active,Database Systems,CS2201,3,A-,89,Semester 2,2026
STU202711148,Jason,Hashim,jason.hashim1148@university.edu.my,0114463185,Information Technology,2025-01-10,Active,Network Security,CS3301,3,A-,91,Semester 2,2026
STU202711149,Farhana,Hamid,farhana.hamid1149@university.edu.my,0107591787,Cyber Security,2025-01-10,Active,Data Structures,CS2102,4,A-,91,Semester 2,2025
STU202711150,Jason,Hamid,jason.hamid1150@university.edu.my,0177610528,Cyber Security,2025-01-10,Graduated,Machine Learning,CS4501,4,B+,90,Semester 1,2026
STU202711151,Amir,Hassan,amir.hassan1151@university.edu.my,0102819818,Information Technology,2025-01-10,Graduated,Computer Networks,IT2301,3,C+,75,Semester 1,2025
STU202711152,Melissa,Teoh,melissa.teoh1152@university.edu.my,0103090658,Business Information Systems,2025-01-10,Graduated,Database Systems,CS2201,4,B-,82,Semester 1,2025
STU202711153,Alicia,Ali,alicia.ali1153@university.edu.my,0193003212,Business Information Systems,2025-01-10,Active,Data Structures,CS2102,4,B+,90,Semester 1,2025
STU202711154,Nadia,Lim,nadia.lim1154@university.edu.my,0158767016,Software Engineering,2025-01-10,Active,Digital Forensics,CS4401,3,B-,78,Semester 2,2025
STU202711155,Jason,Hassan,jason.hassan1155@university.edu.my,0153557412,Business Information Systems,2025-01-10,Active,Digital Forensics,CS4401,4,C+,76,Semester 2,2026
STU202711156,Amir,Jaafar,amir.jaafar1156@university.edu.my,0125711105,Software Engineering,2025-01-10,Active,Data Structures,CS2102,3,C+,74,Semester 2,2026
STU202711157,Melissa,Tan,melissa.tan1157@university.edu.my,0199623104,Software Engineering,2025-01-10,Graduated,Digital Forensics,CS4401,4,B-,81,Semester 1,2026
STU202711158,Sarah,Jaafar,sarah.jaafar1158@university.edu.my,0154819797,Software Engineering,2025-01-10,Graduated,Digital Forensics,CS4401,4,B-,82,Semester 2,2026
STU202711159,Daniel,Karim,daniel.karim1159@university.edu.my,0121301905,Information Technology,2025-01-10,Graduated,Data Structures,CS2102,3,B,82,Semester 1,2026
STU202711160,Alicia,Lee,alicia.lee1160@university.edu.my,0147894321,Cyber Security,2025-01-10,Active,Software Engineering,SE2201,3,B-,78,Semester 1,2026
STU202711161,Adam,Karim,adam.karim1161@university.edu.my,0161357019,Cyber Security,2025-01-10,Active,Database Systems,CS2201,3,B,82,Semester 2,2026
STU202711162,Alicia,Karim,alicia.karim1162@university.edu.my,0141542731,Business Information Systems,2025-01-10,Active,Computer Networks,IT2301,4,B-,82,Semester 1,2025
STU202711163,Aiman,Teoh,aiman.teoh1163@university.edu.my,0172804363,Information Technology,2025-01-10,Active,Web Development,IT2202,3,A,94,Semester 1,2026
STU202711164,Melissa,Rahman,melissa.rahman1164@university.edu.my,0187749664,Information Technology,2025-01-10,Graduated,Web Development,IT2202,3,A,93,Semester 2,2026
STU202711165,Amir,Saleh,amir.saleh1165@university.edu.my,0155012561,Information Technology,2025-01-10,Graduated,Web Development,IT2202,4,B+,90,Semester 1,2026
STU202711166,Sarah,Lee,sarah.lee1166@university.edu.my,0175839848,Cyber Security,2025-01-10,Active,Machine Learning,CS4501,3,A,96,Semester 2,2026
STU202711167,Hanis,Lee,hanis.lee1167@university.edu.my,0103828886,Information Technology,2025-01-10,Active,Web Development,IT2202,3,B+,89,Semester 2,2026
STU202711168,Jason,Jaafar,jason.jaafar1168@university.edu.my,0103903693,Software Engineering,2025-01-10,Active,Digital Forensics,CS4401,3,B+,88,Semester 1,2026
STU202711169,Daniel,Lim,daniel.lim1169@university.edu.my,0111868004,Cyber Security,2025-01-10,Active,Artificial Intelligence,CS3501,4,C+,74,Semester 2,2026
STU202711170,Farhana,Osman,farhana.osman1170@university.edu.my,0156504058,Cyber Security,2025-01-10,Active,Database Systems,CS2201,4,A-,92,Semester 2,2025
STU202711171,Aiman,Saleh,aiman.saleh1171@university.edu.my,0167005099,Software Engineering,2025-01-10,Graduated,Computer Networks,IT2301,4,B+,88,Semester 2,2025
STU202711172,Amir,Rahman,amir.rahman1172@university.edu.my,0167128221,Cyber Security,2025-01-10,Active,Network Security,CS3301,4,B-,81,Semester 1,2026
STU202711173,Aisyah,Hassan,aisyah.hassan1173@university.edu.my,0143082164,Cyber Security,2025-01-10,Graduated,Computer Networks,IT2301,3,C+,76,Semester 1,2025
STU202711174,Alicia,Osman,alicia.osman1174@university.edu.my,0147486656,Information Technology,2025-01-10,Active,Machine Learning,CS4501,3,A,96,Semester 2,2025
STU202711175,Jason,Ismail,jason.ismail1175@university.edu.my,0192013455,Cyber Security,2025-01-10,Active,Machine Learning,CS4501,4,B+,86,Semester 2,2026
STU202711176,Jason,Lim,jason.lim1176@university.edu.my,0111186936,Information Technology,2025-01-10,Graduated,Web Development,IT2202,3,B-,79,Semester 1,2025
STU202711177,Amir,Mahmud,amir.mahmud1177@university.edu.my,0151661161,Information Technology,2025-01-10,Graduated,Data Structures,CS2102,3,B-,82,Semester 2,2025
STU202711178,Hafiz,Chong,hafiz.chong1178@university.edu.my,0126080740,Business Information Systems,2025-01-10,Active,Data Structures,CS2102,3,A-,91,Semester 2,2026
STU202711179,Nadia,Karim,nadia.karim1179@university.edu.my,0182975813,Software Engineering,2025-01-10,Active,Data Structures,CS2102,4,B,84,Semester 1,2026
STU202711180,Kevin,Karim,kevin.karim1180@university.edu.my,0177615873,Software Engineering,2025-01-10,Active,Network Security,CS3301,3,A,96,Semester 1,2025
STU202711181,Kevin,Zulkifli,kevin.zulkifli1181@university.edu.my,0196288185,Software Engineering,2025-01-10,Active,Data Structures,CS2102,4,A,96,Semester 1,2026
STU202711182,Hafiz,Hamid,hafiz.hamid1182@university.edu.my,0159353695,Business Information Systems,2025-01-10,Active,Web Development,IT2202,3,A,95,Semester 2,2025
STU202711183,Nadia,Osman,nadia.osman1183@university.edu.my,0186385876,Software Engineering,2025-01-10,Graduated,Web Development,IT2202,3,A,97,Semester 2,2026
STU202711184,Aisyah,Zulkifli,aisyah.zulkifli1184@university.edu.my,0189532374,Business Information Systems,2025-01-10,Active,Digital Forensics,CS4401,3,B-,81,Semester 1,2025
STU202711185,Melissa,Hamid,melissa.hamid1185@university.edu.my,0174240710,Business Information Systems,2025-01-10,Active,Computer Networks,IT2301,4,A-,90,Semester 1,2025
STU202711186,Daniel,Rahman,daniel.rahman1186@university.edu.my,0129549330,Computer Science,2025-01-10,Graduated,Web Development,IT2202,3,A,93,Semester 1,2025
STU202711187,Ahmad,Zulkifli,ahmad.zulkifli1187@university.edu.my,0153084196,Software Engineering,2025-01-10,Graduated,Digital Forensics,CS4401,4,B,84,Semester 2,2025
STU202711188,Nadia,Hamid,nadia.hamid1188@university.edu.my,0147448311,Software Engineering,2025-01-10,Active,Data Structures,CS2102,3,A-,93,Semester 2,2025
STU202711189,Aiman,Zulkifli,aiman.zulkifli1189@university.edu.my,0128266149,Computer Science,2025-01-10,Active,Cloud Computing,IT3301,4,A,94,Semester 2,2025
STU202711190,Amir,Hashim,amir.hashim1190@university.edu.my,0166626323,Business Information Systems,2025-01-10,Active,Artificial Intelligence,CS3501,4,A,94,Semester 2,2026
STU202711191,Kevin,Rahman,kevin.rahman1191@university.edu.my,0113170746,Business Information Systems,2025-01-10,Active,Computer Networks,IT2301,3,B,86,Semester 1,2025
STU202711192,Adam,Lim,adam.lim1192@university.edu.my,0153953289,Computer Science,2025-01-10,Active,Machine Learning,CS4501,3,A,96,Semester 2,2026
STU202711193,Farhana,Ali,farhana.ali1193@university.edu.my,0117183167,Information Technology,2025-01-10,Graduated,Database Systems,CS2201,4,B,83,Semester 1,2026
STU202711194,Alicia,Tan,alicia.tan1194@university.edu.my,0121232130,Computer Science,2025-01-10,Active,Computer Networks,IT2301,4,B-,80,Semester 1,2025
STU202711195,Daniel,Lee,daniel.lee1195@university.edu.my,0124625216,Information Technology,2025-01-10,Graduated,Data Structures,CS2102,3,B+,89,Semester 1,2026
STU202711196,Farid,Karim,farid.karim1196@university.edu.my,0112626133,Software Engineering,2025-01-10,Graduated,Web Development,IT2202,3,B,84,Semester 1,2026
STU202711197,Ahmad,Latif,ahmad.latif1197@university.edu.my,0167050170,Cyber Security,2025-01-10,Active,Software Engineering,SE2201,4,C+,74,Semester 1,2026
STU202711198,Melissa,Chong,melissa.chong1198@university.edu.my,0148352353,Business Information Systems,2025-01-10,Active,Cloud Computing,IT3301,4,B-,82,Semester 2,2026
STU202711199,Aisyah,Yusof,aisyah.yusof1199@university.edu.my,0166466042,Information Technology,2025-01-10,Active,Database Systems,CS2201,4,C+,76,Semester 2,2026
STU202711200,Amir,Teoh,amir.teoh1200@university.edu.my,0145215839,Computer Science,2025-01-10,Active,Database Systems,CS2201,3,B,83,Semester 2,2026
STU202711201,Kevin,Jaafar,kevin.jaafar1201@university.edu.my,0134791578,Information Technology,2025-01-10,Active,Database Systems,CS2201,4,A-,89,Semester 2,2026
STU202711202,Jason,Ismail,jason.ismail1202@university.edu.my,0199332774,Business Information Systems,2025-01-10,Active,Machine Learning,CS4501,3,B+,87,Semester 1,2025
STU202711203,Alicia,Ismail,alicia.ismail1203@university.edu.my,0125303616,Information Technology,2025-01-10,Graduated,Database Systems,CS2201,3,B,82,Semester 2,2025
STU202711204,Hafiz,Ali,hafiz.ali1204@university.edu.my,0149794641,Information Technology,2025-01-10,Active,Artificial Intelligence,CS3501,3,B-,78,Semester 2,2025
STU202711205,Sarah,Hassan,sarah.hassan1205@university.edu.my,0111129608,Computer Science,2025-01-10,Active,Digital Forensics,CS4401,3,A,94,Semester 2,2026
STU202711206,Farid,Lim,farid.lim1206@university.edu.my,0125387432,Computer Science,2025-01-10,Graduated,Web Development,IT2202,3,A-,91,Semester 2,2026
STU202711207,Aiman,Hashim,aiman.hashim1207@university.edu.my,0156311812,Business Information Systems,2025-01-10,Active,Artificial Intelligence,CS3501,3,A,93,Semester 1,2026
STU202711208,Aisyah,Karim,aisyah.karim1208@university.edu.my,0139829791,Software Engineering,2025-01-10,Graduated,Database Systems,CS2201,3,C+,77,Semester 2,2025
STU202711209,Faizal,Latif,faizal.latif1209@university.edu.my,0117294958,Information Technology,2025-01-10,Active,Computer Networks,IT2301,3,C+,74,Semester 2,2025
STU202711210,Jason,Hashim,jason.hashim1210@university.edu.my,0191626370,Computer Science,2025-01-10,Active,Software Engineering,SE2201,3,A-,89,Semester 2,2025
STU202711211,Ahmad,Saleh,ahmad.saleh1211@university.edu.my,0122991397,Business Information Systems,2025-01-10,Graduated,Database Systems,CS2201,3,A,95,Semester 2,2026
STU202711212,Sarah,Chong,sarah.chong1212@university.edu.my,0166929441,Software Engineering,2025-01-10,Active,Machine Learning,CS4501,3,B-,82,Semester 2,2025
STU202711213,Siti,Tan,siti.tan1213@university.edu.my,0199659723,Business Information Systems,2025-01-10,Active,Database Systems,CS2201,4,B,86,Semester 2,2025
STU202711214,Kevin,Mahmud,kevin.mahmud1214@university.edu.my,0137126288,Software Engineering,2025-01-10,Graduated,Web Development,IT2202,3,B+,86,Semester 2,2026
STU202711215,Hanis,Ismail,hanis.ismail1215@university.edu.my,0123442467,Information Technology,2025-01-10,Graduated,Web Development,IT2202,3,B,84,Semester 1,2025
STU202711216,Faizal,Karim,faizal.karim1216@university.edu.my,0199555146,Business Information Systems,2025-01-10,Graduated,Data Structures,CS2102,4,B-,82,Semester 2,2026
STU202711217,Farid,Lee,farid.lee1217@university.edu.my,0197047948,Computer Science,2025-01-10,Active,Data Structures,CS2102,4,B,86,Semester 2,2026
STU202711218,Kevin,Hashim,kevin.hashim1218@university.edu.my,0179912764,Business Information Systems,2025-01-10,Active,Network Security,CS3301,4,C+,74,Semester 2,2025
STU202711219,Sarah,Karim,sarah.karim1219@university.edu.my,0141554813,Computer Science,2025-01-10,Active,Software Engineering,SE2201,4,B-,81,Semester 1,2026
STU202711220,Nurul,Mahmud,nurul.mahmud1220@university.edu.my,0173156361,Computer Science,2025-01-10,Active,Web Development,IT2202,3,C+,76,Semester 2,2026
STU202711221,Melissa,Yusof,melissa.yusof1221@university.edu.my,0163529436,Cyber Security,2025-01-10,Graduated,Machine Learning,CS4501,4,B,86,Semester 1,2025
STU202711222,Nadia,Hamid,nadia.hamid1222@university.edu.my,0135299919,Software Engineering,2025-01-10,Active,Database Systems,CS2201,3,B-,79,Semester 1,2025
STU202711223,Jason,Latif,jason.latif1223@university.edu.my,0144869044,Cyber Security,2025-01-10,Active,Computer Networks,IT2301,4,B+,86,Semester 2,2025
STU202711224,Nurul,Chong,nurul.chong1224@university.edu.my,0114052648,Computer Science,2025-01-10,Active,Network Security,CS3301,4,A-,92,Semester 2,2025
STU202711225,Ahmad,Hamid,ahmad.hamid1225@university.edu.my,0142147048,Information Technology,2025-01-10,Active,Artificial Intelligence,CS3501,3,C+,76,Semester 2,2025
STU202711226,Nurin,Rahman,nurin.rahman1226@university.edu.my,0111643607,Software Engineering,2025-01-10,Active,Database Systems,CS2201,4,B-,78,Semester 2,2025
STU202711227,Hafiz,Jaafar,hafiz.jaafar1227@university.edu.my,0191147462,Business Information Systems,2025-01-10,Graduated,Artificial Intelligence,CS3501,4,C+,77,Semester 1,2026
STU202711228,Nadia,Ali,nadia.ali1228@university.edu.my,0137015787,Information Technology,2025-01-10,Active,Machine Learning,CS4501,3,C+,77,Semester 2,2025
STU202711229,Hafiz,Ismail,hafiz.ismail1229@university.edu.my,0178823694,Software Engineering,2025-01-10,Active,Database Systems,CS2201,4,A,93,Semester 2,2025
STU202711230,Daniel,Saleh,daniel.saleh1230@university.edu.my,0133051250,Business Information Systems,2025-01-10,Active,Network Security,CS3301,3,B+,87,Semester 1,2026
STU202711231,Daniel,Hassan,daniel.hassan1231@university.edu.my,0182139113,Software Engineering,2025-01-10,Active,Digital Forensics,CS4401,3,B+,87,Semester 1,2026
STU202711232,Amir,Rahman,amir.rahman1232@university.edu.my,0117907203,Computer Science,2025-01-10,Active,Database Systems,CS2201,4,A,93,Semester 2,2025
STU202711233,Hafiz,Ismail,hafiz.ismail1233@university.edu.my,0165725606,Business Information Systems,2025-01-10,Active,Data Structures,CS2102,4,B,83,Semester 1,2026
STU202711234,Amir,Ali,amir.ali1234@university.edu.my,0139982256,Cyber Security,2025-01-10,Active,Network Security,CS3301,3,A-,93,Semester 2,2026
STU202711235,Jason,Mahmud,jason.mahmud1235@university.edu.my,0149762560,Computer Science,2025-01-10,Active,Cloud Computing,IT3301,3,A,95,Semester 2,2025
STU202711236,Faizal,Hassan,faizal.hassan1236@university.edu.my,0189054478,Software Engineering,2025-01-10,Active,Cloud Computing,IT3301,4,A,95,Semester 2,2025
STU202711237,Hafiz,Yusof,hafiz.yusof1237@university.edu.my,0165972699,Computer Science,2025-01-10,Active,Artificial Intelligence,CS3501,3,B,85,Semester 1,2026
STU202711238,Daniel,Latif,daniel.latif1238@university.edu.my,0108167063,Computer Science,2025-01-10,Active,Computer Networks,IT2301,4,C+,74,Semester 1,2025
STU202711239,Adam,Tan,adam.tan1239@university.edu.my,0126326455,Computer Science,2025-01-10,Active,Web Development,IT2202,3,B,84,Semester 2,2025
STU202711240,Hanis,Teoh,hanis.teoh1240@university.edu.my,0187395437,Business Information Systems,2025-01-10,Active,Digital Forensics,CS4401,3,B,82,Semester 2,2025
STU202711241,Aiman,Tan,aiman.tan1241@university.edu.my,0115141686,Information Technology,2025-01-10,Active,Machine Learning,CS4501,3,C+,78,Semester 1,2026
STU202711242,Daniel,Latif,daniel.latif1242@university.edu.my,0151400921,Computer Science,2025-01-10,Active,Artificial Intelligence,CS3501,4,B+,87,Semester 2,2025
STU202711243,Jason,Ali,jason.ali1243@university.edu.my,0164692544,Business Information Systems,2025-01-10,Active,Digital Forensics,CS4401,3,B-,79,Semester 2,2025
STU202711244,Aisyah,Tan,aisyah.tan1244@university.edu.my,0163781808,Computer Science,2025-01-10,Active,Artificial Intelligence,CS3501,3,B,85,Semester 2,2025
STU202711245,Hanis,Ismail,hanis.ismail1245@university.edu.my,0155313516,Information Technology,2025-01-10,Active,Data Structures,CS2102,3,A-,92,Semester 2,2025
STU202711246,Daniel,Chong,daniel.chong1246@university.edu.my,0199044715,Cyber Security,2025-01-10,Active,Data Structures,CS2102,3,C+,75,Semester 1,2026
STU202711247,Siti,Hassan,siti.hassan1247@university.edu.my,0128601985,Information Technology,2025-01-10,Graduated,Network Security,CS3301,3,B-,78,Semester 1,2026
STU202711248,Sarah,Saleh,sarah.saleh1248@university.edu.my,0166685771,Business Information Systems,2025-01-10,Active,Data Structures,CS2102,4,B+,87,Semester 2,2026
STU202711249,Daniel,Jaafar,daniel.jaafar1249@university.edu.my,0113982468,Computer Science,2025-01-10,Active,Software Engineering,SE2201,4,B-,80,Semester 2,2025
STU202711250,Hafiz,Ali,hafiz.ali1250@university.edu.my,0146779339,Cyber Security,2025-01-10,Active,Digital Forensics,CS4401,3,B+,88,Semester 1,2026
STU202711251,Amir,Lim,amir.lim1251@university.edu.my,0173933595,Cyber Security,2025-01-10,Active,Computer Networks,IT2301,4,A-,89,Semester 1,2025
STU202711252,Siti,Ali,siti.ali1252@university.edu.my,0133635824,Computer Science,2025-01-10,Graduated,Network Security,CS3301,3,A-,89,Semester 2,2025
STU202711253,Farhana,Teoh,farhana.teoh1253@university.edu.my,0197315591,Information Technology,2025-01-10,Active,Cloud Computing,IT3301,3,B+,87,Semester 2,2026
STU202711254,Jason,Hashim,jason.hashim1254@university.edu.my,0138784224,Cyber Security,2025-01-10,Active,Computer Networks,IT2301,3,B+,89,Semester 2,2025
STU202711255,Amir,Teoh,amir.teoh1255@university.edu.my,0196051296,Cyber Security,2025-01-10,Active,Artificial Intelligence,CS3501,3,B-,80,Semester 1,2025
STU202711256,Farid,Rahman,farid.rahman1256@university.edu.my,0131728240,Computer Science,2025-01-10,Active,Software Engineering,SE2201,4,B,84,Semester 2,2025
STU202711257,Ahmad,Hashim,ahmad.hashim1257@university.edu.my,0121339840,Cyber Security,2025-01-10,Graduated,Data Structures,CS2102,3,A-,90,Semester 2,2025
STU202711258,Jason,Ismail,jason.ismail1258@university.edu.my,0178795025,Computer Science,2025-01-10,Active,Artificial Intelligence,CS3501,3,B-,82,Semester 2,2026
STU202711259,Aisyah,Yusof,aisyah.yusof1259@university.edu.my,0196960445,Information Technology,2025-01-10,Active,Cloud Computing,IT3301,3,C+,75,Semester 2,2025
STU202711260,Ahmad,Rahman,ahmad.rahman1260@university.edu.my,0173411970,Software Engineering,2025-01-10,Active,Database Systems,CS2201,4,B+,86,Semester 1,2025
STU202711261,Farhana,Rahman,farhana.rahman1261@university.edu.my,0161425298,Information Technology,2025-01-10,Active,Network Security,CS3301,4,B,83,Semester 2,2025
STU202711262,Melissa,Teoh,melissa.teoh1262@university.edu.my,0103294495,Computer Science,2025-01-10,Graduated,Machine Learning,CS4501,4,C+,74,Semester 2,2025
STU202711263,Hanis,Saleh,hanis.saleh1263@university.edu.my,0149343532,Information Technology,2025-01-10,Active,Network Security,CS3301,3,B,84,Semester 1,2026
STU202711264,Faizal,Hashim,faizal.hashim1264@university.edu.my,0118533359,Software Engineering,2025-01-10,Graduated,Web Development,IT2202,4,B-,82,Semester 1,2026
STU202711265,Jason,Chong,jason.chong1265@university.edu.my,0107088951,Business Information Systems,2025-01-10,Active,Computer Networks,IT2301,4,A-,93,Semester 1,2025
STU202711266,Adam,Wong,adam.wong1266@university.edu.my,0119706893,Software Engineering,2025-01-10,Active,Data Structures,CS2102,4,A,93,Semester 1,2026
STU202711267,Amir,Lim,amir.lim1267@university.edu.my,0108745568,Computer Science,2025-01-10,Active,Digital Forensics,CS4401,4,C+,76,Semester 1,2026
STU202711268,Faizal,Karim,faizal.karim1268@university.edu.my,0169546336,Computer Science,2025-01-10,Graduated,Cloud Computing,IT3301,3,A,93,Semester 1,2025
STU202711269,Faizal,Zulkifli,faizal.zulkifli1269@university.edu.my,0187252585,Computer Science,2025-01-10,Graduated,Web Development,IT2202,4,A,93,Semester 2,2025
STU202711270,Adam,Lim,adam.lim1270@university.edu.my,0131825453,Computer Science,2025-01-10,Active,Cloud Computing,IT3301,4,A-,89,Semester 1,2025
STU202711271,Farid,Teoh,farid.teoh1271@university.edu.my,0145499464,Business Information Systems,2025-01-10,Active,Software Engineering,SE2201,3,B-,79,Semester 2,2025
STU202711272,Aiman,Ismail,aiman.ismail1272@university.edu.my,0104949462,Computer Science,2025-01-10,Active,Database Systems,CS2201,3,B+,89,Semester 1,2025
STU202711273,Jason,Ali,jason.ali1273@university.edu.my,0161911572,Information Technology,2025-01-10,Graduated,Data Structures,CS2102,4,A-,92,Semester 2,2026
STU202711274,Aisyah,Karim,aisyah.karim1274@university.edu.my,0196957721,Business Information Systems,2025-01-10,Active,Network Security,CS3301,4,A,95,Semester 2,2026
STU202711275,Faizal,Mahmud,faizal.mahmud1275@university.edu.my,0169110625,Information Technology,2025-01-10,Active,Web Development,IT2202,3,A,97,Semester 2,2025
STU202711276,Adam,Teoh,adam.teoh1276@university.edu.my,0158102772,Computer Science,2025-01-10,Active,Cloud Computing,IT3301,3,A,93,Semester 1,2026
STU202711277,Jason,Lee,jason.lee1277@university.edu.my,0179166043,Information Technology,2025-01-10,Active,Software Engineering,SE2201,3,C+,74,Semester 1,2026
STU202711278,Faizal,Chong,faizal.chong1278@university.edu.my,0186568789,Cyber Security,2025-01-10,Active,Digital Forensics,CS4401,3,B-,81,Semester 2,2025
STU202711279,Siti,Jaafar,siti.jaafar1279@university.edu.my,0106928592,Business Information Systems,2025-01-10,Active,Data Structures,CS2102,4,C+,74,Semester 1,2025
STU202711280,Alicia,Tan,alicia.tan1280@university.edu.my,0191559386,Business Information Systems,2025-01-10,Active,Artificial Intelligence,CS3501,4,B+,87,Semester 2,2026
STU202711281,Aisyah,Saleh,aisyah.saleh1281@university.edu.my,0159065768,Information Technology,2025-01-10,Active,Cloud Computing,IT3301,4,A-,90,Semester 2,2025
STU202711282,Amir,Saleh,amir.saleh1282@university.edu.my,0143878035,Information Technology,2025-01-10,Graduated,Database Systems,CS2201,3,B+,86,Semester 1,2025
STU202711283,Daniel,Lim,daniel.lim1283@university.edu.my,0147682054,Business Information Systems,2025-01-10,Active,Software Engineering,SE2201,4,A-,89,Semester 2,2026
STU202711284,Farhana,Jaafar,farhana.jaafar1284@university.edu.my,0145639985,Software Engineering,2025-01-10,Active,Machine Learning,CS4501,4,B+,86,Semester 1,2026
STU202711285,Daniel,Chong,daniel.chong1285@university.edu.my,0149519009,Computer Science,2025-01-10,Graduated,Machine Learning,CS4501,4,A,94,Semester 2,2026
STU202711286,Kevin,Rahman,kevin.rahman1286@university.edu.my,0182643164,Business Information Systems,2025-01-10,Active,Cloud Computing,IT3301,3,B,83,Semester 2,2026
STU202711287,Farhana,Tan,farhana.tan1287@university.edu.my,0199942758,Information Technology,2025-01-10,Graduated,Artificial Intelligence,CS3501,4,A,93,Semester 2,2025
STU202711288,Alicia,Hamid,alicia.hamid1288@university.edu.my,0162826820,Business Information Systems,2025-01-10,Active,Data Structures,CS2102,4,C+,77,Semester 2,2026
STU202711289,Jason,Hamid,jason.hamid1289@university.edu.my,0157749843,Information Technology,2025-01-10,Active,Data Structures,CS2102,3,B-,81,Semester 1,2026
STU202711290,Faizal,Hamid,faizal.hamid1290@university.edu.my,0168816058,Business Information Systems,2025-01-10,Active,Computer Networks,IT2301,4,B+,87,Semester 2,2026
STU202711291,Kevin,Rahman,kevin.rahman1291@university.edu.my,0168093465,Cyber Security,2025-01-10,Active,Artificial Intelligence,CS3501,3,A-,90,Semester 1,2025
STU202711292,Aiman,Mahmud,aiman.mahmud1292@university.edu.my,0172889464,Business Information Systems,2025-01-10,Graduated,Database Systems,CS2201,4,B-,81,Semester 1,2025
STU202711293,Ahmad,Hassan,ahmad.hassan1293@university.edu.my,0138565268,Cyber Security,2025-01-10,Graduated,Network Security,CS3301,3,B-,82,Semester 1,2026
STU202711294,Nurin,Chong,nurin.chong1294@university.edu.my,0117760051,Business Information Systems,2025-01-10,Graduated,Data Structures,CS2102,3,B-,81,Semester 2,2026
STU202711295,Hafiz,Zulkifli,hafiz.zulkifli1295@university.edu.my,0163688723,Computer Science,2025-01-10,Active,Network Security,CS3301,3,B+,87,Semester 2,2026
STU202711296,Nurin,Wong,nurin.wong1296@university.edu.my,0118053339,Software Engineering,2025-01-10,Graduated,Digital Forensics,CS4401,4,C+,78,Semester 2,2025
STU202711297,Kevin,Karim,kevin.karim1297@university.edu.my,0152224490,Information Technology,2025-01-10,Active,Database Systems,CS2201,4,B,83,Semester 1,2025
STU202711298,Hafiz,Saleh,hafiz.saleh1298@university.edu.my,0157813831,Computer Science,2025-01-10,Active,Database Systems,CS2201,4,B-,80,Semester 2,2025
STU202711299,Farid,Hashim,farid.hashim1299@university.edu.my,0159643302,Information Technology,2025-01-10,Active,Software Engineering,SE2201,4,B,82,Semester 2,2026
STU202711300,Daniel,Saleh,daniel.saleh1300@university.edu.my,0196556045,Cyber Security,2025-01-10,Graduated,Machine Learning,CS4501,3,A-,93,Semester 1,2025
STU202711301,Melissa,Rahman,melissa.rahman1301@university.edu.my,0183070565,Information Technology,2025-01-10,Active,Web Development,IT2202,3,C+,76,Semester 2,2025
STU202711302,Aisyah,Hamid,aisyah.hamid1302@university.edu.my,0187055689,Computer Science,2025-01-10,Graduated,Cloud Computing,IT3301,3,C+,78,Semester 2,2025
STU202711303,Melissa,Zulkifli,melissa.zulkifli1303@university.edu.my,0154743964,Business Information Systems,2025-01-10,Active,Network Security,CS3301,3,C+,78,Semester 2,2025
STU202711304,Jason,Saleh,jason.saleh1304@university.edu.my,0193256087,Software Engineering,2025-01-10,Active,Digital Forensics,CS4401,4,A-,92,Semester 1,2025
STU202711305,Hanis,Saleh,hanis.saleh1305@university.edu.my,0138297308,Cyber Security,2025-01-10,Active,Machine Learning,CS4501,4,A,96,Semester 2,2026
STU202711306,Farid,Mahmud,farid.mahmud1306@university.edu.my,0141377176,Cyber Security,2025-01-10,Active,Computer Networks,IT2301,3,B-,81,Semester 2,2025
STU202711307,Farid,Saleh,farid.saleh1307@university.edu.my,0126383928,Business Information Systems,2025-01-10,Active,Data Structures,CS2102,4,B,82,Semester 1,2026
STU202711308,Sarah,Yusof,sarah.yusof1308@university.edu.my,0105954462,Cyber Security,2025-01-10,Active,Data Structures,CS2102,4,A,97,Semester 2,2025
STU202711309,Amir,Teoh,amir.teoh1309@university.edu.my,0138774754,Cyber Security,2025-01-10,Graduated,Digital Forensics,CS4401,4,B+,87,Semester 1,2025
STU202711310,Farhana,Lee,farhana.lee1310@university.edu.my,0194247340,Cyber Security,2025-01-10,Active,Data Structures,CS2102,3,A-,92,Semester 2,2025
STU202711311,Nurul,Hashim,nurul.hashim1311@university.edu.my,0175837809,Business Information Systems,2025-01-10,Graduated,Data Structures,CS2102,4,A,94,Semester 2,2025
STU202711312,Kevin,Jaafar,kevin.jaafar1312@university.edu.my,0161523229,Cyber Security,2025-01-10,Active,Software Engineering,SE2201,3,B,85,Semester 2,2026
STU202711313,Faizal,Mahmud,faizal.mahmud1313@university.edu.my,0128310658,Business Information Systems,2025-01-10,Active,Machine Learning,CS4501,4,B+,87,Semester 1,2026
STU202711314,Faizal,Lim,faizal.lim1314@university.edu.my,0134940415,Information Technology,2025-01-10,Active,Software Engineering,SE2201,3,B-,80,Semester 1,2025
STU202711315,Ahmad,Teoh,ahmad.teoh1315@university.edu.my,0172242202,Computer Science,2025-01-10,Active,Artificial Intelligence,CS3501,4,B+,86,Semester 2,2025
STU202711316,Faizal,Hamid,faizal.hamid1316@university.edu.my,0181191784,Business Information Systems,2025-01-10,Active,Cloud Computing,IT3301,4,B,83,Semester 1,2025
STU202711317,Aisyah,Teoh,aisyah.teoh1317@university.edu.my,0168063238,Business Information Systems,2025-01-10,Graduated,Data Structures,CS2102,3,B-,79,Semester 1,2025
STU202711318,Aisyah,Ali,aisyah.ali1318@university.edu.my,0131778501,Business Information Systems,2025-01-10,Active,Computer Networks,IT2301,3,B,85,Semester 2,2026
STU202711319,Hanis,Osman,hanis.osman1319@university.edu.my,0174510183,Software Engineering,2025-01-10,Active,Digital Forensics,CS4401,3,C+,78,Semester 1,2025
STU202711320,Faizal,Lee,faizal.lee1320@university.edu.my,0174084851,Software Engineering,2025-01-10,Active,Network Security,CS3301,4,B,86,Semester 2,2025
STU202711321,Aiman,Lim,aiman.lim1321@university.edu.my,0143318160,Business Information Systems,2025-01-10,Active,Data Structures,CS2102,4,A-,91,Semester 2,2025
STU202711322,Nadia,Lim,nadia.lim1322@university.edu.my,0192411294,Cyber Security,2025-01-10,Active,Network Security,CS3301,4,A-,93,Semester 2,2026
STU202711323,Alicia,Saleh,alicia.saleh1323@university.edu.my,0115046465,Information Technology,2025-01-10,Active,Database Systems,CS2201,4,C+,76,Semester 1,2026
STU202711324,Hanis,Lim,hanis.lim1324@university.edu.my,0157680020,Software Engineering,2025-01-10,Active,Database Systems,CS2201,3,C+,75,Semester 1,2025
STU202711325,Aiman,Zulkifli,aiman.zulkifli1325@university.edu.my,0163029216,Computer Science,2025-01-10,Active,Network Security,CS3301,4,B+,86,Semester 1,2025
STU202711326,Ahmad,Wong,ahmad.wong1326@university.edu.my,0173461165,Cyber Security,2025-01-10,Active,Machine Learning,CS4501,3,B,86,Semester 1,2026
STU202711327,Faizal,Yusof,faizal.yusof1327@university.edu.my,0124500049,Information Technology,2025-01-10,Graduated,Computer Networks,IT2301,3,B-,80,Semester 1,2025
STU202711328,Alicia,Ali,alicia.ali1328@university.edu.my,0118347236,Cyber Security,2025-01-10,Active,Machine Learning,CS4501,4,B,85,Semester 2,2026
STU202711329,Hafiz,Hassan,hafiz.hassan1329@university.edu.my,0152680356,Cyber Security,2025-01-10,Active,Artificial Intelligence,CS3501,4,B+,87,Semester 2,2025
STU202711330,Melissa,Jaafar,melissa.jaafar1330@university.edu.my,0141876676,Computer Science,2025-01-10,Active,Software Engineering,SE2201,3,A-,89,Semester 2,2025
STU202711331,Farid,Ismail,farid.ismail1331@university.edu.my,0161341631,Information Technology,2025-01-10,Graduated,Web Development,IT2202,3,B,85,Semester 1,2026
STU202711332,Amir,Teoh,amir.teoh1332@university.edu.my,0104524169,Software Engineering,2025-01-10,Active,Computer Networks,IT2301,3,B-,78,Semester 2,2026
STU202711333,Melissa,Yusof,melissa.yusof1333@university.edu.my,0124174817,Computer Science,2025-01-10,Active,Computer Networks,IT2301,3,A,93,Semester 2,2025
STU202711334,Farid,Wong,farid.wong1334@university.edu.my,0184373321,Software Engineering,2025-01-10,Active,Computer Networks,IT2301,4,B+,89,Semester 2,2025
STU202711335,Aiman,Wong,aiman.wong1335@university.edu.my,0135546044,Cyber Security,2025-01-10,Graduated,Software Engineering,SE2201,3,A,94,Semester 2,2025
STU202711336,Adam,Chong,adam.chong1336@university.edu.my,0157747215,Computer Science,2025-01-10,Active,Data Structures,CS2102,4,C+,77,Semester 1,2025
STU202711337,Adam,Mahmud,adam.mahmud1337@university.edu.my,0136346272,Software Engineering,2025-01-10,Active,Data Structures,CS2102,3,B,83,Semester 1,2025
STU202711338,Farhana,Osman,farhana.osman1338@university.edu.my,0157373224,Business Information Systems,2025-01-10,Graduated,Digital Forensics,CS4401,3,B+,89,Semester 2,2026
STU202711339,Farhana,Zulkifli,farhana.zulkifli1339@university.edu.my,0134957637,Cyber Security,2025-01-10,Active,Database Systems,CS2201,3,A-,89,Semester 2,2026
STU202711340,Alicia,Lim,alicia.lim1340@university.edu.my,0106402556,Cyber Security,2025-01-10,Active,Digital Forensics,CS4401,3,A-,91,Semester 2,2026
STU202711341,Faizal,Chong,faizal.chong1341@university.edu.my,0133326583,Business Information Systems,2025-01-10,Graduated,Software Engineering,SE2201,4,B-,78,Semester 2,2026
STU202711342,Siti,Hassan,siti.hassan1342@university.edu.my,0104667079,Cyber Security,2025-01-10,Graduated,Network Security,CS3301,3,B,84,Semester 2,2026
STU202711343,Daniel,Osman,daniel.osman1343@university.edu.my,0118035216,Cyber Security,2025-01-10,Active,Software Engineering,SE2201,4,A,95,Semester 1,2025
STU202711344,Farhana,Latif,farhana.latif1344@university.edu.my,0162279306,Computer Science,2025-01-10,Active,Digital Forensics,CS4401,3,B,84,Semester 2,2026
STU202711345,Faizal,Rahman,faizal.rahman1345@university.edu.my,0117508584,Cyber Security,2025-01-10,Active,Machine Learning,CS4501,4,C+,76,Semester 2,2026
STU202711346,Nurin,Tan,nurin.tan1346@university.edu.my,0103827916,Information Technology,2025-01-10,Graduated,Digital Forensics,CS4401,4,C+,76,Semester 2,2025
STU202711347,Amir,Saleh,amir.saleh1347@university.edu.my,0104596889,Information Technology,2025-01-10,Graduated,Database Systems,CS2201,4,C+,76,Semester 1,2025
STU202711348,Daniel,Ismail,daniel.ismail1348@university.edu.my,0123653628,Computer Science,2025-01-10,Active,Data Structures,CS2102,3,A,96,Semester 1,2026
STU202711349,Aiman,Karim,aiman.karim1349@university.edu.my,0123735881,Computer Science,2025-01-10,Active,Network Security,CS3301,3,C+,76,Semester 1,2025
STU202711350,Aisyah,Zulkifli,aisyah.zulkifli1350@university.edu.my,0188370466,Cyber Security,2025-01-10,Active,Digital Forensics,CS4401,3,B+,86,Semester 1,2026
STU202711351,Nadia,Zulkifli,nadia.zulkifli1351@university.edu.my,0164555613,Information Technology,2025-01-10,Active,Software Engineering,SE2201,3,A,93,Semester 2,2026
STU202711352,Aisyah,Karim,aisyah.karim1352@university.edu.my,0175523906,Cyber Security,2025-01-10,Active,Computer Networks,IT2301,4,B-,80,Semester 1,2026
STU202711353,Melissa,Teoh,melissa.teoh1353@university.edu.my,0179404654,Computer Science,2025-01-10,Graduated,Computer Networks,IT2301,4,A-,93,Semester 2,2026
STU202711354,Adam,Osman,adam.osman1354@university.edu.my,0119198826,Business Information Systems,2025-01-10,Graduated,Computer Networks,IT2301,4,B+,86,Semester 2,2026
STU202711355,Nurin,Hashim,nurin.hashim1355@university.edu.my,0125678058,Software Engineering,2025-01-10,Active,Digital Forensics,CS4401,3,B+,86,Semester 2,2026
STU202711356,Farid,Jaafar,farid.jaafar1356@university.edu.my,0195984542,Computer Science,2025-01-10,Active,Database Systems,CS2201,3,A,96,Semester 1,2026
STU202711357,Nurul,Lim,nurul.lim1357@university.edu.my,0165042816,Cyber Security,2025-01-10,Graduated,Software Engineering,SE2201,4,A-,90,Semester 1,2025
STU202711358,Nurul,Yusof,nurul.yusof1358@university.edu.my,0166378668,Business Information Systems,2025-01-10,Active,Computer Networks,IT2301,3,B+,90,Semester 1,2026
STU202711359,Farhana,Wong,farhana.wong1359@university.edu.my,0181994367,Information Technology,2025-01-10,Active,Web Development,IT2202,4,A-,89,Semester 1,2025
STU202711360,Jason,Tan,jason.tan1360@university.edu.my,0157877316,Cyber Security,2025-01-10,Active,Machine Learning,CS4501,4,A-,91,Semester 2,2026
STU202711361,Aiman,Chong,aiman.chong1361@university.edu.my,0127691729,Software Engineering,2025-01-10,Active,Network Security,CS3301,4,B,82,Semester 2,2025
STU202711362,Alicia,Hassan,alicia.hassan1362@university.edu.my,0157011079,Software Engineering,2025-01-10,Active,Computer Networks,IT2301,3,A,96,Semester 2,2026
STU202711363,Adam,Hassan,adam.hassan1363@university.edu.my,0119797256,Cyber Security,2025-01-10,Active,Data Structures,CS2102,3,A-,92,Semester 2,2025
STU202711364,Nadia,Mahmud,nadia.mahmud1364@university.edu.my,0149627340,Computer Science,2025-01-10,Active,Network Security,CS3301,3,A,96,Semester 2,2026
STU202711365,Aiman,Osman,aiman.osman1365@university.edu.my,0146008949,Cyber Security,2025-01-10,Active,Machine Learning,CS4501,4,B,84,Semester 1,2025
STU202711366,Jason,Tan,jason.tan1366@university.edu.my,0107259374,Software Engineering,2025-01-10,Active,Machine Learning,CS4501,4,A-,90,Semester 2,2025
STU202711367,Farhana,Ali,farhana.ali1367@university.edu.my,0138589534,Business Information Systems,2025-01-10,Active,Data Structures,CS2102,3,A-,92,Semester 1,2026
STU202711368,Alicia,Saleh,alicia.saleh1368@university.edu.my,0103344609,Computer Science,2025-01-10,Active,Data Structures,CS2102,3,B,85,Semester 1,2026
STU202711369,Adam,Lee,adam.lee1369@university.edu.my,0118486722,Software Engineering,2025-01-10,Graduated,Digital Forensics,CS4401,3,B,86,Semester 1,2026
STU202711370,Nurul,Tan,nurul.tan1370@university.edu.my,0148483717,Business Information Systems,2025-01-10,Active,Database Systems,CS2201,3,C+,74,Semester 1,2026
STU202711371,Daniel,Ismail,daniel.ismail1371@university.edu.my,0125937403,Business Information Systems,2025-01-10,Active,Software Engineering,SE2201,4,C+,75,Semester 1,2025
STU202711372,Amir,Jaafar,amir.jaafar1372@university.edu.my,0187078929,Software Engineering,2025-01-10,Graduated,Cloud Computing,IT3301,4,A-,90,Semester 1,2026
STU202711373,Sarah,Zulkifli,sarah.zulkifli1373@university.edu.my,0198838820,Cyber Security,2025-01-10,Active,Database Systems,CS2201,3,A-,93,Semester 2,2026
STU202711374,Nadia,Hashim,nadia.hashim1374@university.edu.my,0128010573,Software Engineering,2025-01-10,Graduated,Data Structures,CS2102,3,A-,90,Semester 2,2026
STU202711375,Daniel,Osman,daniel.osman1375@university.edu.my,0109789003,Information Technology,2025-01-10,Active,Cloud Computing,IT3301,3,A-,91,Semester 1,2025
STU202711376,Hanis,Lee,hanis.lee1376@university.edu.my,0141172077,Computer Science,2025-01-10,Active,Artificial Intelligence,CS3501,4,B-,82,Semester 1,2025
STU202711377,Siti,Karim,siti.karim1377@university.edu.my,0105924304,Business Information Systems,2025-01-10,Active,Artificial Intelligence,CS3501,3,A,97,Semester 2,2026
STU202711378,Amir,Jaafar,amir.jaafar1378@university.edu.my,0128760643,Information Technology,2025-01-10,Graduated,Artificial Intelligence,CS3501,3,A-,92,Semester 1,2026
STU202711379,Nadia,Saleh,nadia.saleh1379@university.edu.my,0107202542,Software Engineering,2025-01-10,Active,Machine Learning,CS4501,4,B-,81,Semester 1,2026
STU202711380,Nurul,Wong,nurul.wong1380@university.edu.my,0189659676,Information Technology,2025-01-10,Active,Artificial Intelligence,CS3501,4,B,84,Semester 1,2025
STU202711381,Aisyah,Rahman,aisyah.rahman1381@university.edu.my,0199388528,Computer Science,2025-01-10,Graduated,Cloud Computing,IT3301,4,A,97,Semester 1,2026
STU202711382,Jason,Latif,jason.latif1382@university.edu.my,0196659536,Software Engineering,2025-01-10,Active,Computer Networks,IT2301,4,B-,82,Semester 2,2026
STU202711383,Sarah,Karim,sarah.karim1383@university.edu.my,0183299686,Business Information Systems,2025-01-10,Active,Data Structures,CS2102,4,B+,90,Semester 2,2025
STU202711384,Nadia,Lee,nadia.lee1384@university.edu.my,0189706594,Business Information Systems,2025-01-10,Active,Digital Forensics,CS4401,4,B-,80,Semester 1,2026
STU202711385,Adam,Zulkifli,adam.zulkifli1385@university.edu.my,0176900447,Information Technology,2025-01-10,Graduated,Network Security,CS3301,3,B,82,Semester 1,2026
STU202711386,Farid,Ali,farid.ali1386@university.edu.my,0165056409,Business Information Systems,2025-01-10,Active,Database Systems,CS2201,3,A-,92,Semester 2,2025
STU202711387,Ahmad,Lee,ahmad.lee1387@university.edu.my,0161172117,Software Engineering,2025-01-10,Active,Cloud Computing,IT3301,4,A-,91,Semester 2,2025
STU202711388,Siti,Hamid,siti.hamid1388@university.edu.my,0138350116,Computer Science,2025-01-10,Graduated,Web Development,IT2202,4,B-,82,Semester 1,2025
STU202711389,Faizal,Teoh,faizal.teoh1389@university.edu.my,0109874682,Business Information Systems,2025-01-10,Graduated,Software Engineering,SE2201,4,C+,77,Semester 1,2026
STU202711390,Farid,Hamid,farid.hamid1390@university.edu.my,0154821417,Software Engineering,2025-01-10,Active,Artificial Intelligence,CS3501,3,B-,82,Semester 2,2025
STU202711391,Ahmad,Saleh,ahmad.saleh1391@university.edu.my,0175277549,Business Information Systems,2025-01-10,Graduated,Digital Forensics,CS4401,4,B+,87,Semester 2,2025
STU202711392,Nadia,Latif,nadia.latif1392@university.edu.my,0106240479,Information Technology,2025-01-10,Active,Computer Networks,IT2301,3,A-,92,Semester 1,2025
STU202711393,Nurin,Teoh,nurin.teoh1393@university.edu.my,0165920996,Cyber Security,2025-01-10,Active,Software Engineering,SE2201,3,B+,89,Semester 2,2026
STU202711394,Hanis,Ismail,hanis.ismail1394@university.edu.my,0185918984,Business Information Systems,2025-01-10,Graduated,Database Systems,CS2201,3,A,93,Semester 2,2026
STU202711395,Hafiz,Tan,hafiz.tan1395@university.edu.my,0142832811,Cyber Security,2025-01-10,Active,Cloud Computing,IT3301,4,B+,87,Semester 1,2026
STU202711396,Farid,Lim,farid.lim1396@university.edu.my,0187006028,Information Technology,2025-01-10,Active,Database Systems,CS2201,4,A-,90,Semester 2,2025
STU202711397,Hafiz,Yusof,hafiz.yusof1397@university.edu.my,0152244394,Cyber Security,2025-01-10,Active,Cloud Computing,IT3301,4,B,84,Semester 1,2025
STU202711398,Nurin,Ali,nurin.ali1398@university.edu.my,0162832344,Business Information Systems,2025-01-10,Active,Network Security,CS3301,4,B-,82,Semester 1,2026
STU202711399,Nurul,Yusof,nurul.yusof1399@university.edu.my,0166051117,Software Engineering,2025-01-10,Graduated,Database Systems,CS2201,4,A-,91,Semester 2,2026
STU202711400,Nadia,Chong,nadia.chong1400@university.edu.my,0167917149,Information Technology,2025-01-10,Graduated,Software Engineering,SE2201,4,C+,76,Semester 2,2026
STU202711401,Amir,Karim,amir.karim1401@university.edu.my,0119737102,Software Engineering,2025-01-10,Active,Machine Learning,CS4501,3,A-,92,Semester 1,2025
STU202711402,Ahmad,Lee,ahmad.lee1402@university.edu.my,0156956285,Cyber Security,2025-01-10,Active,Artificial Intelligence,CS3501,3,B-,79,Semester 2,2026
STU202711403,Ahmad,Hashim,ahmad.hashim1403@university.edu.my,0111097942,Computer Science,2025-01-10,Active,Cloud Computing,IT3301,4,B,82,Semester 1,2026
STU202711404,Aiman,Jaafar,aiman.jaafar1404@university.edu.my,0188766785,Cyber Security,2025-01-10,Active,Database Systems,CS2201,4,B,82,Semester 1,2025
STU202711405,Melissa,Hashim,melissa.hashim1405@university.edu.my,0155850211,Computer Science,2025-01-10,Active,Computer Networks,IT2301,4,B-,81,Semester 2,2025
STU202711406,Alicia,Wong,alicia.wong1406@university.edu.my,0127889196,Cyber Security,2025-01-10,Graduated,Computer Networks,IT2301,3,A,94,Semester 1,2025
STU202711407,Nadia,Yusof,nadia.yusof1407@university.edu.my,0116424141,Computer Science,2025-01-10,Active,Machine Learning,CS4501,3,A,96,Semester 2,2026
STU202711408,Nurul,Hashim,nurul.hashim1408@university.edu.my,0184011019,Information Technology,2025-01-10,Active,Computer Networks,IT2301,3,B-,81,Semester 1,2026
STU202711409,Alicia,Hassan,alicia.hassan1409@university.edu.my,0182328264,Computer Science,2025-01-10,Graduated,Artificial Intelligence,CS3501,3,A-,93,Semester 1,2025
STU202711410,Faizal,Rahman,faizal.rahman1410@university.edu.my,0143445548,Computer Science,2025-01-10,Active,Cloud Computing,IT3301,3,B,83,Semester 2,2026
STU202711411,Alicia,Yusof,alicia.yusof1411@university.edu.my,0166950652,Software Engineering,2025-01-10,Graduated,Web Development,IT2202,3,B+,88,Semester 1,2025
STU202711412,Melissa,Mahmud,melissa.mahmud1412@university.edu.my,0109119838,Software Engineering,2025-01-10,Active,Software Engineering,SE2201,4,A-,91,Semester 1,2026
STU202711413,Jason,Chong,jason.chong1413@university.edu.my,0104870860,Computer Science,2025-01-10,Graduated,Network Security,CS3301,3,B,82,Semester 1,2025
STU202711414,Nurul,Karim,nurul.karim1414@university.edu.my,0161695107,Computer Science,2025-01-10,Active,Database Systems,CS2201,4,A,93,Semester 2,2026
STU202711415,Ahmad,Saleh,ahmad.saleh1415@university.edu.my,0147456060,Software Engineering,2025-01-10,Active,Database Systems,CS2201,3,A-,91,Semester 2,2026
STU202711416,Kevin,Hashim,kevin.hashim1416@university.edu.my,0117972125,Software Engineering,2025-01-10,Active,Cloud Computing,IT3301,3,B-,79,Semester 1,2026
STU202711417,Farhana,Lee,farhana.lee1417@university.edu.my,0115660902,Computer Science,2025-01-10,Active,Digital Forensics,CS4401,3,B+,88,Semester 2,2025
STU202711418,Faizal,Ismail,faizal.ismail1418@university.edu.my,0136860357,Cyber Security,2025-01-10,Active,Web Development,IT2202,3,A,95,Semester 1,2026
STU202711419,Daniel,Hashim,daniel.hashim1419@university.edu.my,0189707785,Business Information Systems,2025-01-10,Active,Network Security,CS3301,4,A-,92,Semester 2,2025
STU202711420,Farid,Tan,farid.tan1420@university.edu.my,0148863229,Software Engineering,2025-01-10,Active,Computer Networks,IT2301,3,B,86,Semester 1,2025
STU202711421,Farhana,Ali,farhana.ali1421@university.edu.my,0133648262,Software Engineering,2025-01-10,Graduated,Network Security,CS3301,4,B,84,Semester 1,2025
STU202711422,Siti,Saleh,siti.saleh1422@university.edu.my,0121800356,Computer Science,2025-01-10,Active,Network Security,CS3301,3,A,93,Semester 1,2025
STU202711423,Siti,Lee,siti.lee1423@university.edu.my,0133848724,Business Information Systems,2025-01-10,Active,Database Systems,CS2201,4,A-,91,Semester 2,2025
STU202711424,Kevin,Latif,kevin.latif1424@university.edu.my,0196308671,Software Engineering,2025-01-10,Active,Data Structures,CS2102,3,A-,92,Semester 2,2025
STU202711425,Melissa,Zulkifli,melissa.zulkifli1425@university.edu.my,0173319678,Computer Science,2025-01-10,Active,Software Engineering,SE2201,3,B,86,Semester 2,2025
STU202711426,Hanis,Wong,hanis.wong1426@university.edu.my,0132960078,Business Information Systems,2025-01-10,Active,Machine Learning,CS4501,4,A-,89,Semester 2,2026
STU202711427,Adam,Hamid,adam.hamid1427@university.edu.my,0144209002,Cyber Security,2025-01-10,Active,Web Development,IT2202,3,B+,86,Semester 1,2025
STU202711428,Nadia,Hamid,nadia.hamid1428@university.edu.my,0151094231,Cyber Security,2025-01-10,Active,Data Structures,CS2102,4,A,97,Semester 2,2026
STU202711429,Ahmad,Hamid,ahmad.hamid1429@university.edu.my,0175184906,Business Information Systems,2025-01-10,Active,Network Security,CS3301,3,C+,75,Semester 2,2026
STU202711430,Farhana,Ali,farhana.ali1430@university.edu.my,0162645112,Software Engineering,2025-01-10,Graduated,Network Security,CS3301,3,A,96,Semester 2,2026
STU202711431,Aiman,Karim,aiman.karim1431@university.edu.my,0179022613,Software Engineering,2025-01-10,Active,Data Structures,CS2102,3,B+,88,Semester 1,2026
STU202711432,Siti,Lee,siti.lee1432@university.edu.my,0174707283,Software Engineering,2025-01-10,Active,Computer Networks,IT2301,3,A-,90,Semester 2,2026
STU202711433,Alicia,Lim,alicia.lim1433@university.edu.my,0124111998,Computer Science,2025-01-10,Graduated,Data Structures,CS2102,3,B-,80,Semester 1,2025
STU202711434,Ahmad,Hashim,ahmad.hashim1434@university.edu.my,0199150799,Business Information Systems,2025-01-10,Active,Database Systems,CS2201,4,A,96,Semester 1,2025
STU202711435,Kevin,Latif,kevin.latif1435@university.edu.my,0172708354,Information Technology,2025-01-10,Active,Software Engineering,SE2201,4,A,93,Semester 2,2025
STU202711436,Aisyah,Rahman,aisyah.rahman1436@university.edu.my,0137059418,Information Technology,2025-01-10,Active,Software Engineering,SE2201,3,A,94,Semester 2,2025
STU202711437,Farid,Saleh,farid.saleh1437@university.edu.my,0134925362,Cyber Security,2025-01-10,Graduated,Artificial Intelligence,CS3501,3,A-,89,Semester 1,2025
STU202711438,Alicia,Hashim,alicia.hashim1438@university.edu.my,0174775320,Information Technology,2025-01-10,Graduated,Cloud Computing,IT3301,4,A-,92,Semester 1,2025
STU202711439,Siti,Latif,siti.latif1439@university.edu.my,0152309228,Information Technology,2025-01-10,Active,Cloud Computing,IT3301,4,B-,82,Semester 1,2025
STU202711440,Nurin,Wong,nurin.wong1440@university.edu.my,0146740505,Computer Science,2025-01-10,Active,Machine Learning,CS4501,4,B-,78,Semester 2,2026
STU202711441,Ahmad,Wong,ahmad.wong1441@university.edu.my,0184679304,Business Information Systems,2025-01-10,Active,Database Systems,CS2201,4,B-,79,Semester 2,2026
STU202711442,Aisyah,Lee,aisyah.lee1442@university.edu.my,0173693655,Computer Science,2025-01-10,Active,Artificial Intelligence,CS3501,4,B,84,Semester 1,2026
STU202711443,Ahmad,Jaafar,ahmad.jaafar1443@university.edu.my,0114268303,Cyber Security,2025-01-10,Active,Data Structures,CS2102,3,B+,90,Semester 2,2026
STU202711444,Hafiz,Hashim,hafiz.hashim1444@university.edu.my,0191877539,Business Information Systems,2025-01-10,Active,Database Systems,CS2201,4,B-,80,Semester 2,2026
STU202711445,Amir,Hamid,amir.hamid1445@university.edu.my,0104079739,Cyber Security,2025-01-10,Active,Software Engineering,SE2201,4,B+,86,Semester 1,2026
STU202711446,Nadia,Wong,nadia.wong1446@university.edu.my,0129421441,Business Information Systems,2025-01-10,Graduated,Web Development,IT2202,4,C+,75,Semester 2,2026
STU202711447,Ahmad,Hashim,ahmad.hashim1447@university.edu.my,0117304436,Computer Science,2025-01-10,Active,Artificial Intelligence,CS3501,3,B+,87,Semester 2,2025
STU202711448,Melissa,Saleh,melissa.saleh1448@university.edu.my,0181845740,Information Technology,2025-01-10,Active,Cloud Computing,IT3301,3,B,85,Semester 1,2026
STU202711449,Sarah,Teoh,sarah.teoh1449@university.edu.my,0123035608,Computer Science,2025-01-10,Active,Cloud Computing,IT3301,4,B-,81,Semester 2,2025
STU202711450,Hafiz,Ali,hafiz.ali1450@university.edu.my,0123522583,Software Engineering,2025-01-10,Graduated,Computer Networks,IT2301,4,A-,92,Semester 2,2026
STU202711451,Ahmad,Osman,ahmad.osman1451@university.edu.my,0125382898,Business Information Systems,2025-01-10,Active,Digital Forensics,CS4401,3,A,93,Semester 2,2025
STU202711452,Amir,Hassan,amir.hassan1452@university.edu.my,0176431323,Cyber Security,2025-01-10,Graduated,Database Systems,CS2201,3,B,84,Semester 1,2025
STU202711453,Ahmad,Jaafar,ahmad.jaafar1453@university.edu.my,0134622576,Cyber Security,2025-01-10,Active,Machine Learning,CS4501,3,A-,92,Semester 1,2025
STU202711454,Melissa,Ismail,melissa.ismail1454@university.edu.my,0101651347,Business Information Systems,2025-01-10,Active,Web Development,IT2202,3,A,95,Semester 1,2025
STU202711455,Alicia,Zulkifli,alicia.zulkifli1455@university.edu.my,0107714823,Cyber Security,2025-01-10,Graduated,Machine Learning,CS4501,4,B,82,Semester 2,2026
STU202711456,Sarah,Jaafar,sarah.jaafar1456@university.edu.my,0119599291,Computer Science,2025-01-10,Active,Digital Forensics,CS4401,4,B,85,Semester 2,2025
STU202711457,Kevin,Teoh,kevin.teoh1457@university.edu.my,0148630843,Cyber Security,2025-01-10,Active,Software Engineering,SE2201,3,B-,82,Semester 1,2026
STU202711458,Hanis,Ismail,hanis.ismail1458@university.edu.my,0157296345,Business Information Systems,2025-01-10,Graduated,Digital Forensics,CS4401,4,B+,88,Semester 1,2025
STU202711459,Daniel,Teoh,daniel.teoh1459@university.edu.my,0111477577,Computer Science,2025-01-10,Active,Web Development,IT2202,3,C+,75,Semester 2,2025
STU202711460,Sarah,Wong,sarah.wong1460@university.edu.my,0181634539,Information Technology,2025-01-10,Active,Software Engineering,SE2201,4,A-,91,Semester 1,2026
STU202711461,Faizal,Lee,faizal.lee1461@university.edu.my,0195341997,Information Technology,2025-01-10,Active,Web Development,IT2202,3,B-,78,Semester 2,2026
STU202711462,Ahmad,Teoh,ahmad.teoh1462@university.edu.my,0186430840,Computer Science,2025-01-10,Active,Network Security,CS3301,4,A,94,Semester 2,2025
STU202711463,Hafiz,Rahman,hafiz.rahman1463@university.edu.my,0156760909,Cyber Security,2025-01-10,Graduated,Artificial Intelligence,CS3501,3,B-,80,Semester 1,2026
STU202711464,Melissa,Ali,melissa.ali1464@university.edu.my,0157487232,Software Engineering,2025-01-10,Active,Data Structures,CS2102,3,C+,74,Semester 1,2026
STU202711465,Farid,Ali,farid.ali1465@university.edu.my,0186394123,Computer Science,2025-01-10,Active,Database Systems,CS2201,3,B,83,Semester 2,2026
STU202711466,Alicia,Teoh,alicia.teoh1466@university.edu.my,0106687438,Computer Science,2025-01-10,Graduated,Artificial Intelligence,CS3501,4,B+,90,Semester 2,2026
STU202711467,Farhana,Wong,farhana.wong1467@university.edu.my,0117444186,Information Technology,2025-01-10,Active,Software Engineering,SE2201,4,B-,80,Semester 2,2026
STU202711468,Jason,Rahman,jason.rahman1468@university.edu.my,0141763696,Business Information Systems,2025-01-10,Graduated,Machine Learning,CS4501,4,A,93,Semester 1,2026
STU202711469,Amir,Teoh,amir.teoh1469@university.edu.my,0148370005,Computer Science,2025-01-10,Active,Cloud Computing,IT3301,3,A-,90,Semester 2,2026
STU202711470,Amir,Lee,amir.lee1470@university.edu.my,0159503473,Information Technology,2025-01-10,Active,Software Engineering,SE2201,3,B-,79,Semester 2,2026
STU202711471,Aiman,Mahmud,aiman.mahmud1471@university.edu.my,0109695574,Information Technology,2025-01-10,Active,Web Development,IT2202,4,A-,90,Semester 1,2026
STU202711472,Kevin,Tan,kevin.tan1472@university.edu.my,0118057678,Information Technology,2025-01-10,Graduated,Web Development,IT2202,3,B-,81,Semester 2,2025
STU202711473,Daniel,Lee,daniel.lee1473@university.edu.my,0165913980,Cyber Security,2025-01-10,Active,Software Engineering,SE2201,4,B-,79,Semester 2,2026
STU202711474,Aisyah,Hashim,aisyah.hashim1474@university.edu.my,0105900867,Computer Science,2025-01-10,Active,Web Development,IT2202,3,B+,87,Semester 1,2025
STU202711475,Nadia,Hassan,nadia.hassan1475@university.edu.my,0173413496,Cyber Security,2025-01-10,Graduated,Machine Learning,CS4501,3,C+,77,Semester 1,2026
STU202711476,Aiman,Lee,aiman.lee1476@university.edu.my,0167163026,Information Technology,2025-01-10,Active,Web Development,IT2202,3,C+,76,Semester 2,2025
STU202711477,Ahmad,Wong,ahmad.wong1477@university.edu.my,0156871894,Business Information Systems,2025-01-10,Graduated,Digital Forensics,CS4401,4,A-,90,Semester 1,2026
STU202711478,Hafiz,Mahmud,hafiz.mahmud1478@university.edu.my,0182047205,Information Technology,2025-01-10,Active,Software Engineering,SE2201,4,A-,93,Semester 1,2026
STU202711479,Farhana,Tan,farhana.tan1479@university.edu.my,0174148545,Business Information Systems,2025-01-10,Active,Computer Networks,IT2301,4,A,94,Semester 2,2025
STU202711480,Kevin,Karim,kevin.karim1480@university.edu.my,0184365318,Information Technology,2025-01-10,Active,Cloud Computing,IT3301,4,A-,89,Semester 1,2025
STU202711481,Amir,Osman,amir.osman1481@university.edu.my,0161912376,Information Technology,2025-01-10,Active,Software Engineering,SE2201,4,B+,86,Semester 1,2026
STU202711482,Aisyah,Mahmud,aisyah.mahmud1482@university.edu.my,0125836717,Business Information Systems,2025-01-10,Active,Cloud Computing,IT3301,4,B,86,Semester 1,2025
STU202711483,Faizal,Karim,faizal.karim1483@university.edu.my,0175257309,Software Engineering,2025-01-10,Graduated,Digital Forensics,CS4401,4,A-,90,Semester 1,2025
STU202711484,Hanis,Rahman,hanis.rahman1484@university.edu.my,0113078546,Software Engineering,2025-01-10,Active,Machine Learning,CS4501,4,A-,89,Semester 2,2026
STU202711485,Adam,Hassan,adam.hassan1485@university.edu.my,0127796122,Information Technology,2025-01-10,Active,Database Systems,CS2201,3,B-,78,Semester 2,2025
STU202711486,Adam,Yusof,adam.yusof1486@university.edu.my,0187815044,Information Technology,2025-01-10,Active,Artificial Intelligence,CS3501,4,B+,86,Semester 2,2026
STU202711487,Nadia,Jaafar,nadia.jaafar1487@university.edu.my,0136851055,Cyber Security,2025-01-10,Active,Computer Networks,IT2301,3,A,94,Semester 2,2025
STU202711488,Faizal,Hamid,faizal.hamid1488@university.edu.my,0102407092,Information Technology,2025-01-10,Active,Machine Learning,CS4501,4,B-,80,Semester 1,2026
STU202711489,Amir,Ismail,amir.ismail1489@university.edu.my,0191721607,Cyber Security,2025-01-10,Graduated,Web Development,IT2202,3,A-,91,Semester 1,2026
STU202711490,Alicia,Saleh,alicia.saleh1490@university.edu.my,0182865114,Information Technology,2025-01-10,Graduated,Web Development,IT2202,4,B+,90,Semester 2,2025
STU202711491,Farhana,Mahmud,farhana.mahmud1491@university.edu.my,0175702978,Information Technology,2025-01-10,Active,Machine Learning,CS4501,3,B,82,Semester 2,2025
STU202711492,Daniel,Jaafar,daniel.jaafar1492@university.edu.my,0121473113,Cyber Security,2025-01-10,Active,Computer Networks,IT2301,3,C+,74,Semester 2,2026
STU202711493,Sarah,Saleh,sarah.saleh1493@university.edu.my,0146879627,Business Information Systems,2025-01-10,Active,Data Structures,CS2102,3,C+,74,Semester 1,2026
STU202711494,Faizal,Rahman,faizal.rahman1494@university.edu.my,0137240721,Software Engineering,2025-01-10,Active,Data Structures,CS2102,3,B,86,Semester 2,2026
STU202711495,Amir,Rahman,amir.rahman1495@university.edu.my,0103403222,Information Technology,2025-01-10,Active,Machine Learning,CS4501,3,A,95,Semester 2,2026
STU202711496,Faizal,Wong,faizal.wong1496@university.edu.my,0114003851,Cyber Security,2025-01-10,Active,Data Structures,CS2102,4,A-,90,Semester 2,2026
STU202711497,Adam,Rahman,adam.rahman1497@university.edu.my,0123791654,Business Information Systems,2025-01-10,Active,Database Systems,CS2201,3,A-,92,Semester 1,2026
STU202711498,Nurul,Jaafar,nurul.jaafar1498@university.edu.my,0193038480,Cyber Security,2025-01-10,Graduated,Software Engineering,SE2201,4,C+,77,Semester 1,2026
STU202711499,Nurin,Rahman,nurin.rahman1499@university.edu.my,0165523035,Computer Science,2025-01-10,Active,Web Development,IT2202,3,B,86,Semester 2,2026
STU202711500,Nurul,Teoh,nurul.teoh1500@university.edu.my,0102967020,Computer Science,2025-01-10,Graduated,Database Systems,CS2201,3,A,95,Semester 1,2026
STU202711501,Adam,Latif,adam.latif1501@university.edu.my,0199017044,Software Engineering,2025-01-10,Graduated,Computer Networks,IT2301,4,C+,77,Semester 1,2025
STU202711502,Farhana,Teoh,farhana.teoh1502@university.edu.my,0178077846,Cyber Security,2025-01-10,Active,Digital Forensics,CS4401,4,A-,89,Semester 1,2025
STU202711503,Hanis,Mahmud,hanis.mahmud1503@university.edu.my,0126531709,Information Technology,2025-01-10,Active,Database Systems,CS2201,4,A,93,Semester 2,2025
STU202711504,Nadia,Saleh,nadia.saleh1504@university.edu.my,0147766670,Information Technology,2025-01-10,Graduated,Cloud Computing,IT3301,4,B+,88,Semester 1,2026
STU202711505,Ahmad,Wong,ahmad.wong1505@university.edu.my,0105497481,Business Information Systems,2025-01-10,Active,Cloud Computing,IT3301,3,B-,81,Semester 2,2025
STU202711506,Alicia,Yusof,alicia.yusof1506@university.edu.my,0171916603,Computer Science,2025-01-10,Active,Computer Networks,IT2301,3,C+,74,Semester 2,2025
STU202711507,Nadia,Karim,nadia.karim1507@university.edu.my,0126023517,Computer Science,2025-01-10,Active,Cloud Computing,IT3301,3,C+,77,Semester 1,2025
STU202711508,Nadia,Yusof,nadia.yusof1508@university.edu.my,0132817341,Computer Science,2025-01-10,Active,Artificial Intelligence,CS3501,3,A,93,Semester 2,2026
STU202711509,Ahmad,Hashim,ahmad.hashim1509@university.edu.my,0155455063,Cyber Security,2025-01-10,Active,Database Systems,CS2201,4,B+,90,Semester 1,2025
STU202711510,Melissa,Wong,melissa.wong1510@university.edu.my,0114490390,Information Technology,2025-01-10,Active,Web Development,IT2202,3,A-,91,Semester 2,2026
STU202711511,Farhana,Lee,farhana.lee1511@university.edu.my,0169030266,Cyber Security,2025-01-10,Active,Digital Forensics,CS4401,4,C+,78,Semester 1,2025
STU202711512,Melissa,Tan,melissa.tan1512@university.edu.my,0112550541,Computer Science,2025-01-10,Active,Artificial Intelligence,CS3501,3,B-,79,Semester 2,2025
STU202711513,Farhana,Chong,farhana.chong1513@university.edu.my,0152504385,Business Information Systems,2025-01-10,Active,Machine Learning,CS4501,3,C+,76,Semester 1,2026
STU202711514,Jason,Lim,jason.lim1514@university.edu.my,0158957293,Information Technology,2025-01-10,Active,Machine Learning,CS4501,4,B,86,Semester 1,2025
STU202711515,Melissa,Hamid,melissa.hamid1515@university.edu.my,0171391419,Computer Science,2025-01-10,Active,Network Security,CS3301,3,B+,88,Semester 1,2026
STU202711516,Siti,Ali,siti.ali1516@university.edu.my,0166676418,Information Technology,2025-01-10,Active,Web Development,IT2202,3,B-,79,Semester 1,2026
STU202711517,Faizal,Yusof,faizal.yusof1517@university.edu.my,0102759214,Computer Science,2025-01-10,Active,Data Structures,CS2102,3,B,86,Semester 1,2026
STU202711518,Adam,Mahmud,adam.mahmud1518@university.edu.my,0134993016,Business Information Systems,2025-01-10,Graduated,Network Security,CS3301,4,B,82,Semester 1,2025
STU202711519,Farid,Lim,farid.lim1519@university.edu.my,0161468688,Software Engineering,2025-01-10,Graduated,Data Structures,CS2102,4,C+,76,Semester 2,2026
STU202711520,Ahmad,Ali,ahmad.ali1520@university.edu.my,0171364856,Business Information Systems,2025-01-10,Active,Web Development,IT2202,3,A-,91,Semester 2,2025
STU202711521,Hafiz,Hashim,hafiz.hashim1521@university.edu.my,0102168767,Computer Science,2025-01-10,Active,Database Systems,CS2201,4,A,97,Semester 2,2025
STU202711522,Hafiz,Latif,hafiz.latif1522@university.edu.my,0199924200,Computer Science,2025-01-10,Active,Artificial Intelligence,CS3501,3,A-,90,Semester 1,2026
STU202711523,Melissa,Lim,melissa.lim1523@university.edu.my,0172839479,Software Engineering,2025-01-10,Graduated,Web Development,IT2202,3,B,86,Semester 1,2025
STU202711524,Siti,Hashim,siti.hashim1524@university.edu.my,0187030843,Business Information Systems,2025-01-10,Graduated,Database Systems,CS2201,3,A-,93,Semester 1,2026
STU202711525,Sarah,Rahman,sarah.rahman1525@university.edu.my,0152107336,Software Engineering,2025-01-10,Graduated,Data Structures,CS2102,4,B-,82,Semester 2,2025
STU202711526,Melissa,Ali,melissa.ali1526@university.edu.my,0145136130,Computer Science,2025-01-10,Active,Data Structures,CS2102,3,B-,82,Semester 2,2025
STU202711527,Jason,Ali,jason.ali1527@university.edu.my,0106287734,Business Information Systems,2025-01-10,Graduated,Database Systems,CS2201,3,B,84,Semester 1,2026
STU202711528,Siti,Osman,siti.osman1528@university.edu.my,0131820502,Information Technology,2025-01-10,Active,Web Development,IT2202,4,B-,80,Semester 2,2025
STU202711529,Farid,Tan,farid.tan1529@university.edu.my,0145509781,Computer Science,2025-01-10,Active,Database Systems,CS2201,4,B,83,Semester 1,2025
STU202711530,Jason,Karim,jason.karim1530@university.edu.my,0171895264,Software Engineering,2025-01-10,Active,Web Development,IT2202,3,B-,82,Semester 2,2026
STU202711531,Hanis,Latif,hanis.latif1531@university.edu.my,0127212080,Cyber Security,2025-01-10,Active,Database Systems,CS2201,4,C+,74,Semester 2,2025
STU202711532,Nurin,Hassan,nurin.hassan1532@university.edu.my,0168985567,Business Information Systems,2025-01-10,Graduated,Machine Learning,CS4501,3,A-,90,Semester 1,2026
STU202711533,Siti,Tan,siti.tan1533@university.edu.my,0106110052,Business Information Systems,2025-01-10,Active,Data Structures,CS2102,4,B-,81,Semester 1,2025
STU202711534,Melissa,Tan,melissa.tan1534@university.edu.my,0132718792,Computer Science,2025-01-10,Active,Software Engineering,SE2201,4,C+,74,Semester 1,2025
STU202711535,Nurin,Hamid,nurin.hamid1535@university.edu.my,0136726980,Cyber Security,2025-01-10,Graduated,Digital Forensics,CS4401,4,B,85,Semester 1,2026
STU202711536,Ahmad,Chong,ahmad.chong1536@university.edu.my,0168486541,Software Engineering,2025-01-10,Active,Computer Networks,IT2301,3,B,83,Semester 2,2025
STU202711537,Nadia,Ismail,nadia.ismail1537@university.edu.my,0186273947,Information Technology,2025-01-10,Active,Cloud Computing,IT3301,4,A,93,Semester 2,2025
STU202711538,Aiman,Teoh,aiman.teoh1538@university.edu.my,0149363825,Business Information Systems,2025-01-10,Active,Machine Learning,CS4501,4,B,84,Semester 2,2026
STU202711539,Aisyah,Hassan,aisyah.hassan1539@university.edu.my,0182571269,Computer Science,2025-01-10,Graduated,Network Security,CS3301,4,B,82,Semester 2,2026
STU202711540,Hafiz,Rahman,hafiz.rahman1540@university.edu.my,0191827381,Software Engineering,2025-01-10,Active,Software Engineering,SE2201,3,A-,92,Semester 2,2025
STU202711541,Melissa,Lim,melissa.lim1541@university.edu.my,0129848457,Computer Science,2025-01-10,Active,Artificial Intelligence,CS3501,4,A,97,Semester 1,2025
STU202711542,Siti,Lee,siti.lee1542@university.edu.my,0124909831,Business Information Systems,2025-01-10,Graduated,Machine Learning,CS4501,4,C+,76,Semester 1,2026
STU202711543,Farid,Hamid,farid.hamid1543@university.edu.my,0162654009,Cyber Security,2025-01-10,Active,Artificial Intelligence,CS3501,3,A-,92,Semester 1,2025
STU202711544,Amir,Hassan,amir.hassan1544@university.edu.my,0104335491,Information Technology,2025-01-10,Active,Network Security,CS3301,3,A-,92,Semester 1,2026
STU202711545,Faizal,Wong,faizal.wong1545@university.edu.my,0154219977,Information Technology,2025-01-10,Graduated,Software Engineering,SE2201,4,B+,90,Semester 2,2025
STU202711546,Farid,Lim,farid.lim1546@university.edu.my,0138014996,Information Technology,2025-01-10,Active,Network Security,CS3301,4,B,83,Semester 2,2026
STU202711547,Nadia,Chong,nadia.chong1547@university.edu.my,0185691635,Cyber Security,2025-01-10,Active,Cloud Computing,IT3301,4,A-,93,Semester 2,2026
STU202711548,Nurin,Hassan,nurin.hassan1548@university.edu.my,0194577805,Cyber Security,2025-01-10,Active,Web Development,IT2202,4,B-,82,Semester 1,2025
STU202711549,Melissa,Latif,melissa.latif1549@university.edu.my,0113208297,Business Information Systems,2025-01-10,Graduated,Machine Learning,CS4501,4,A,95,Semester 2,2026
STU202711550,Hafiz,Zulkifli,hafiz.zulkifli1550@university.edu.my,0107049857,Computer Science,2025-01-10,Active,Network Security,CS3301,3,A,96,Semester 2,2026
STU202711551,Melissa,Ali,melissa.ali1551@university.edu.my,0142984025,Information Technology,2025-01-10,Active,Computer Networks,IT2301,3,A-,89,Semester 1,2026
STU202711552,Nurul,Hamid,nurul.hamid1552@university.edu.my,0161600151,Business Information Systems,2025-01-10,Active,Network Security,CS3301,3,B,83,Semester 2,2026
STU202711553,Farid,Teoh,farid.teoh1553@university.edu.my,0176569350,Cyber Security,2025-01-10,Graduated,Software Engineering,SE2201,4,A-,93,Semester 1,2026
STU202711554,Aisyah,Ali,aisyah.ali1554@university.edu.my,0142962820,Cyber Security,2025-01-10,Graduated,Software Engineering,SE2201,4,B-,82,Semester 1,2025
STU202711555,Aiman,Zulkifli,aiman.zulkifli1555@university.edu.my,0164355843,Cyber Security,2025-01-10,Active,Database Systems,CS2201,3,B-,79,Semester 2,2026
STU202711556,Kevin,Hassan,kevin.hassan1556@university.edu.my,0196611002,Cyber Security,2025-01-10,Graduated,Artificial Intelligence,CS3501,3,A,96,Semester 2,2026
STU202711557,Aisyah,Teoh,aisyah.teoh1557@university.edu.my,0147230801,Software Engineering,2025-01-10,Graduated,Data Structures,CS2102,4,A-,89,Semester 2,2025
STU202711558,Amir,Ali,amir.ali1558@university.edu.my,0182191517,Software Engineering,2025-01-10,Active,Machine Learning,CS4501,4,B+,89,Semester 1,2025
STU202711559,Melissa,Teoh,melissa.teoh1559@university.edu.my,0183567903,Computer Science,2025-01-10,Active,Database Systems,CS2201,3,B+,87,Semester 2,2025
STU202711560,Aisyah,Wong,aisyah.wong1560@university.edu.my,0125091602,Cyber Security,2025-01-10,Graduated,Database Systems,CS2201,4,C+,75,Semester 2,2026
STU202711561,Adam,Hassan,adam.hassan1561@university.edu.my,0169842760,Computer Science,2025-01-10,Active,Network Security,CS3301,3,A,96,Semester 1,2025
STU202711562,Daniel,Zulkifli,daniel.zulkifli1562@university.edu.my,0183738291,Software Engineering,2025-01-10,Active,Database Systems,CS2201,4,A,96,Semester 2,2025
STU202711563,Aisyah,Hassan,aisyah.hassan1563@university.edu.my,0173885999,Software Engineering,2025-01-10,Active,Artificial Intelligence,CS3501,4,B-,81,Semester 2,2025
STU202711564,Nurin,Yusof,nurin.yusof1564@university.edu.my,0136355191,Computer Science,2025-01-10,Active,Network Security,CS3301,3,A-,91,Semester 2,2025
STU202711565,Jason,Lee,jason.lee1565@university.edu.my,0178901972,Cyber Security,2025-01-10,Active,Data Structures,CS2102,3,A,95,Semester 1,2025
STU202711566,Kevin,Tan,kevin.tan1566@university.edu.my,0114305536,Computer Science,2025-01-10,Graduated,Network Security,CS3301,3,B+,90,Semester 2,2025
STU202711567,Jason,Teoh,jason.teoh1567@university.edu.my,0126788074,Information Technology,2025-01-10,Active,Web Development,IT2202,3,A-,93,Semester 2,2026
STU202711568,Ahmad,Hassan,ahmad.hassan1568@university.edu.my,0196795609,Software Engineering,2025-01-10,Active,Data Structures,CS2102,3,B-,80,Semester 1,2026
STU202711569,Daniel,Lim,daniel.lim1569@university.edu.my,0107617243,Computer Science,2025-01-10,Active,Machine Learning,CS4501,3,C+,74,Semester 2,2026
STU202711570,Sarah,Wong,sarah.wong1570@university.edu.my,0192335565,Computer Science,2025-01-10,Graduated,Computer Networks,IT2301,4,B+,89,Semester 1,2025
STU202711571,Faizal,Hamid,faizal.hamid1571@university.edu.my,0163335246,Software Engineering,2025-01-10,Graduated,Computer Networks,IT2301,3,A-,91,Semester 2,2025
STU202711572,Nurin,Mahmud,nurin.mahmud1572@university.edu.my,0195591061,Cyber Security,2025-01-10,Active,Database Systems,CS2201,3,C+,75,Semester 1,2025
STU202711573,Kevin,Hassan,kevin.hassan1573@university.edu.my,0174889488,Software Engineering,2025-01-10,Active,Digital Forensics,CS4401,3,B+,86,Semester 1,2026
STU202711574,Faizal,Osman,faizal.osman1574@university.edu.my,0165539778,Computer Science,2025-01-10,Active,Software Engineering,SE2201,4,A,97,Semester 2,2025
STU202711575,Hanis,Osman,hanis.osman1575@university.edu.my,0101967962,Business Information Systems,2025-01-10,Active,Software Engineering,SE2201,4,C+,76,Semester 2,2025
STU202711576,Aisyah,Saleh,aisyah.saleh1576@university.edu.my,0171779626,Software Engineering,2025-01-10,Active,Web Development,IT2202,3,B+,87,Semester 1,2026
STU202711577,Faizal,Wong,faizal.wong1577@university.edu.my,0139132273,Business Information Systems,2025-01-10,Active,Machine Learning,CS4501,3,C+,77,Semester 1,2025
STU202711578,Aiman,Hashim,aiman.hashim1578@university.edu.my,0168623177,Information Technology,2025-01-10,Active,Network Security,CS3301,3,B-,78,Semester 2,2026
STU202711579,Siti,Ali,siti.ali1579@university.edu.my,0169533940,Computer Science,2025-01-10,Active,Data Structures,CS2102,4,B+,86,Semester 2,2026
STU202711580,Sarah,Osman,sarah.osman1580@university.edu.my,0142434003,Information Technology,2025-01-10,Active,Computer Networks,IT2301,3,A,96,Semester 1,2025
STU202711581,Sarah,Lee,sarah.lee1581@university.edu.my,0145920388,Software Engineering,2025-01-10,Active,Software Engineering,SE2201,4,C+,78,Semester 2,2025
STU202711582,Alicia,Lim,alicia.lim1582@university.edu.my,0117119932,Cyber Security,2025-01-10,Active,Cloud Computing,IT3301,3,C+,75,Semester 2,2026
STU202711583,Farhana,Latif,farhana.latif1583@university.edu.my,0119549857,Computer Science,2025-01-10,Active,Artificial Intelligence,CS3501,3,B+,88,Semester 2,2026
STU202711584,Hanis,Chong,hanis.chong1584@university.edu.my,0108344647,Information Technology,2025-01-10,Graduated,Network Security,CS3301,3,A-,92,Semester 2,2025
STU202711585,Melissa,Zulkifli,melissa.zulkifli1585@university.edu.my,0175184641,Software Engineering,2025-01-10,Active,Software Engineering,SE2201,4,B-,79,Semester 1,2026
STU202711586,Nurul,Jaafar,nurul.jaafar1586@university.edu.my,0155234701,Business Information Systems,2025-01-10,Graduated,Artificial Intelligence,CS3501,4,B,83,Semester 2,2026
STU202711587,Farhana,Hassan,farhana.hassan1587@university.edu.my,0112133784,Cyber Security,2025-01-10,Graduated,Network Security,CS3301,4,B+,86,Semester 2,2026
STU202711588,Sarah,Rahman,sarah.rahman1588@university.edu.my,0145447406,Computer Science,2025-01-10,Active,Machine Learning,CS4501,4,A,95,Semester 1,2026
STU202711589,Hafiz,Jaafar,hafiz.jaafar1589@university.edu.my,0145150963,Cyber Security,2025-01-10,Active,Computer Networks,IT2301,4,A-,91,Semester 2,2026
STU202711590,Alicia,Lim,alicia.lim1590@university.edu.my,0152488667,Computer Science,2025-01-10,Active,Data Structures,CS2102,4,B,86,Semester 1,2026
STU202711591,Nurul,Zulkifli,nurul.zulkifli1591@university.edu.my,0145123198,Software Engineering,2025-01-10,Active,Data Structures,CS2102,3,B,84,Semester 2,2025
STU202711592,Faizal,Ali,faizal.ali1592@university.edu.my,0191137568,Information Technology,2025-01-10,Active,Web Development,IT2202,3,B,84,Semester 1,2025
STU202711593,Nurul,Lee,nurul.lee1593@university.edu.my,0101668215,Information Technology,2025-01-10,Active,Data Structures,CS2102,3,B-,82,Semester 2,2025
STU202711594,Hanis,Latif,hanis.latif1594@university.edu.my,0135275408,Computer Science,2025-01-10,Active,Computer Networks,IT2301,3,C+,74,Semester 2,2026
STU202711595,Farhana,Latif,farhana.latif1595@university.edu.my,0125518437,Computer Science,2025-01-10,Graduated,Cloud Computing,IT3301,4,B+,90,Semester 1,2025
STU202711596,Sarah,Rahman,sarah.rahman1596@university.edu.my,0164024127,Cyber Security,2025-01-10,Active,Computer Networks,IT2301,3,A,93,Semester 1,2025
STU202711597,Nurin,Hashim,nurin.hashim1597@university.edu.my,0173460326,Cyber Security,2025-01-10,Active,Web Development,IT2202,3,C+,75,Semester 2,2025
STU202711598,Faizal,Lim,faizal.lim1598@university.edu.my,0163937340,Cyber Security,2025-01-10,Active,Digital Forensics,CS4401,4,A,97,Semester 1,2025
STU202711599,Nurul,Yusof,nurul.yusof1599@university.edu.my,0123081186,Business Information Systems,2025-01-10,Graduated,Software Engineering,SE2201,4,A-,93,Semester 1,2025
STU202711600,Alicia,Wong,alicia.wong1600@university.edu.my,0123831098,Business Information Systems,2025-01-10,Active,Computer Networks,IT2301,3,B+,89,Semester 2,2025
STU202711601,Melissa,Tan,melissa.tan1601@university.edu.my,0132173440,Computer Science,2025-01-10,Active,Computer Networks,IT2301,3,B-,81,Semester 2,2025
STU202711602,Hanis,Jaafar,hanis.jaafar1602@university.edu.my,0189015014,Cyber Security,2025-01-10,Active,Software Engineering,SE2201,3,B,85,Semester 2,2025
STU202711603,Nadia,Latif,nadia.latif1603@university.edu.my,0164467047,Information Technology,2025-01-10,Graduated,Web Development,IT2202,4,B-,78,Semester 1,2026
STU202711604,Nurul,Osman,nurul.osman1604@university.edu.my,0154708963,Business Information Systems,2025-01-10,Active,Computer Networks,IT2301,3,C+,76,Semester 2,2026
STU202711605,Sarah,Hamid,sarah.hamid1605@university.edu.my,0135058236,Computer Science,2025-01-10,Active,Cloud Computing,IT3301,4,B+,90,Semester 2,2025
STU202711606,Faizal,Lim,faizal.lim1606@university.edu.my,0123782544,Information Technology,2025-01-10,Active,Database Systems,CS2201,3,B-,78,Semester 1,2025
STU202711607,Daniel,Lee,daniel.lee1607@university.edu.my,0187945958,Computer Science,2025-01-10,Active,Data Structures,CS2102,3,B-,79,Semester 1,2025
STU202711608,Ahmad,Mahmud,ahmad.mahmud1608@university.edu.my,0141797715,Information Technology,2025-01-10,Active,Machine Learning,CS4501,4,B+,89,Semester 2,2026
STU202711609,Alicia,Lim,alicia.lim1609@university.edu.my,0176293216,Information Technology,2025-01-10,Active,Database Systems,CS2201,4,A-,91,Semester 2,2026
STU202711610,Aisyah,Wong,aisyah.wong1610@university.edu.my,0197540759,Information Technology,2025-01-10,Graduated,Computer Networks,IT2301,3,A,97,Semester 1,2025
STU202711611,Farid,Hamid,farid.hamid1611@university.edu.my,0112080261,Business Information Systems,2025-01-10,Graduated,Software Engineering,SE2201,3,A-,91,Semester 1,2025
STU202711612,Kevin,Chong,kevin.chong1612@university.edu.my,0149323697,Information Technology,2025-01-10,Active,Computer Networks,IT2301,3,A,93,Semester 1,2025
STU202711613,Adam,Tan,adam.tan1613@university.edu.my,0189015608,Business Information Systems,2025-01-10,Active,Machine Learning,CS4501,3,A,96,Semester 1,2026
STU202711614,Farhana,Lim,farhana.lim1614@university.edu.my,0112184423,Computer Science,2025-01-10,Active,Web Development,IT2202,4,B-,81,Semester 2,2025
STU202711615,Sarah,Yusof,sarah.yusof1615@university.edu.my,0172772054,Information Technology,2025-01-10,Active,Artificial Intelligence,CS3501,3,C+,75,Semester 2,2025
STU202711616,Melissa,Hassan,melissa.hassan1616@university.edu.my,0171752292,Information Technology,2025-01-10,Active,Digital Forensics,CS4401,3,A,96,Semester 2,2026
STU202711617,Nurul,Lim,nurul.lim1617@university.edu.my,0149489351,Business Information Systems,2025-01-10,Active,Network Security,CS3301,4,C+,78,Semester 1,2026
STU202711618,Nurul,Teoh,nurul.teoh1618@university.edu.my,0145412319,Cyber Security,2025-01-10,Active,Software Engineering,SE2201,4,A-,93,Semester 2,2025
STU202711619,Nurul,Osman,nurul.osman1619@university.edu.my,0199770940,Information Technology,2025-01-10,Graduated,Cloud Computing,IT3301,3,B-,78,Semester 1,2025
STU202711620,Amir,Tan,amir.tan1620@university.edu.my,0106572854,Software Engineering,2025-01-10,Active,Computer Networks,IT2301,3,A,95,Semester 1,2026
STU202711621,Daniel,Wong,daniel.wong1621@university.edu.my,0189409632,Business Information Systems,2025-01-10,Active,Machine Learning,CS4501,3,B-,80,Semester 1,2025
STU202711622,Kevin,Wong,kevin.wong1622@university.edu.my,0177102718,Information Technology,2025-01-10,Active,Database Systems,CS2201,3,A-,91,Semester 1,2026
STU202711623,Melissa,Hashim,melissa.hashim1623@university.edu.my,0159900595,Cyber Security,2025-01-10,Graduated,Computer Networks,IT2301,3,A,93,Semester 1,2026
STU202711624,Nadia,Lee,nadia.lee1624@university.edu.my,0111344640,Cyber Security,2025-01-10,Graduated,Software Engineering,SE2201,3,A,97,Semester 2,2026
STU202711625,Faizal,Mahmud,faizal.mahmud1625@university.edu.my,0102342109,Information Technology,2025-01-10,Active,Cloud Computing,IT3301,4,B+,90,Semester 1,2025
STU202711626,Siti,Hamid,siti.hamid1626@university.edu.my,0163308881,Computer Science,2025-01-10,Active,Artificial Intelligence,CS3501,3,C+,74,Semester 2,2025
STU202711627,Farhana,Hashim,farhana.hashim1627@university.edu.my,0147338088,Business Information Systems,2025-01-10,Active,Artificial Intelligence,CS3501,3,B+,89,Semester 1,2025
STU202711628,Adam,Hashim,adam.hashim1628@university.edu.my,0138491339,Computer Science,2025-01-10,Active,Web Development,IT2202,3,A,95,Semester 1,2026
STU202711629,Amir,Yusof,amir.yusof1629@university.edu.my,0176728983,Software Engineering,2025-01-10,Active,Computer Networks,IT2301,3,B,85,Semester 2,2025
STU202711630,Aiman,Saleh,aiman.saleh1630@university.edu.my,0154449139,Information Technology,2025-01-10,Graduated,Data Structures,CS2102,4,B+,89,Semester 2,2026
STU202711631,Daniel,Lee,daniel.lee1631@university.edu.my,0127119151,Information Technology,2025-01-10,Active,Computer Networks,IT2301,3,C+,74,Semester 1,2025
STU202711632,Daniel,Chong,daniel.chong1632@university.edu.my,0143522196,Cyber Security,2025-01-10,Active,Machine Learning,CS4501,3,B,82,Semester 1,2026
STU202711633,Sarah,Latif,sarah.latif1633@university.edu.my,0179827107,Cyber Security,2025-01-10,Active,Data Structures,CS2102,3,B-,82,Semester 1,2025
STU202711634,Nurin,Lee,nurin.lee1634@university.edu.my,0129037750,Software Engineering,2025-01-10,Active,Data Structures,CS2102,3,C+,76,Semester 1,2025
STU202711635,Faizal,Ali,faizal.ali1635@university.edu.my,0188022634,Software Engineering,2025-01-10,Active,Digital Forensics,CS4401,4,B+,86,Semester 1,2025
STU202711636,Siti,Osman,siti.osman1636@university.edu.my,0145175144,Computer Science,2025-01-10,Active,Network Security,CS3301,3,B,83,Semester 1,2025
STU202711637,Melissa,Hamid,melissa.hamid1637@university.edu.my,0127348570,Cyber Security,2025-01-10,Active,Machine Learning,CS4501,4,A-,91,Semester 2,2025
STU202711638,Nurul,Wong,nurul.wong1638@university.edu.my,0143573756,Software Engineering,2025-01-10,Active,Cloud Computing,IT3301,3,B+,87,Semester 1,2026
STU202711639,Nurul,Lim,nurul.lim1639@university.edu.my,0134972110,Business Information Systems,2025-01-10,Active,Software Engineering,SE2201,4,A-,90,Semester 2,2025
STU202711640,Aisyah,Latif,aisyah.latif1640@university.edu.my,0157897347,Cyber Security,2025-01-10,Graduated,Cloud Computing,IT3301,3,B-,82,Semester 2,2025
STU202711641,Melissa,Tan,melissa.tan1641@university.edu.my,0106197981,Computer Science,2025-01-10,Active,Software Engineering,SE2201,3,B-,82,Semester 1,2026
STU202711642,Jason,Hassan,jason.hassan1642@university.edu.my,0135903043,Information Technology,2025-01-10,Active,Digital Forensics,CS4401,3,B-,79,Semester 2,2026
STU202711643,Siti,Mahmud,siti.mahmud1643@university.edu.my,0164348470,Software Engineering,2025-01-10,Graduated,Computer Networks,IT2301,4,B-,82,Semester 1,2026
STU202711644,Farhana,Lim,farhana.lim1644@university.edu.my,0118251023,Cyber Security,2025-01-10,Active,Cloud Computing,IT3301,3,A-,90,Semester 1,2025
STU202711645,Farid,Hassan,farid.hassan1645@university.edu.my,0169825691,Business Information Systems,2025-01-10,Active,Cloud Computing,IT3301,3,B+,88,Semester 1,2025
STU202711646,Nurul,Karim,nurul.karim1646@university.edu.my,0128990549,Cyber Security,2025-01-10,Active,Data Structures,CS2102,4,B+,86,Semester 1,2026
STU202711647,Siti,Tan,siti.tan1647@university.edu.my,0172234714,Cyber Security,2025-01-10,Active,Web Development,IT2202,3,C+,76,Semester 1,2026
STU202711648,Nurin,Karim,nurin.karim1648@university.edu.my,0118581806,Cyber Security,2025-01-10,Active,Cloud Computing,IT3301,3,B-,78,Semester 1,2025
STU202711649,Siti,Ismail,siti.ismail1649@university.edu.my,0102771205,Information Technology,2025-01-10,Active,Database Systems,CS2201,4,B+,89,Semester 1,2025
STU202711650,Kevin,Karim,kevin.karim1650@university.edu.my,0199319442,Software Engineering,2025-01-10,Active,Machine Learning,CS4501,3,C+,77,Semester 1,2025
STU202711651,Aiman,Lim,aiman.lim1651@university.edu.my,0107073798,Software Engineering,2025-01-10,Active,Machine Learning,CS4501,4,B-,80,Semester 2,2025
STU202711652,Amir,Chong,amir.chong1652@university.edu.my,0194005947,Information Technology,2025-01-10,Graduated,Data Structures,CS2102,4,B,86,Semester 1,2026
STU202711653,Kevin,Karim,kevin.karim1653@university.edu.my,0171183358,Business Information Systems,2025-01-10,Active,Cloud Computing,IT3301,3,A-,89,Semester 1,2026
STU202711654,Siti,Ali,siti.ali1654@university.edu.my,0154749840,Business Information Systems,2025-01-10,Active,Software Engineering,SE2201,3,B+,86,Semester 2,2025
STU202711655,Amir,Wong,amir.wong1655@university.edu.my,0146153232,Information Technology,2025-01-10,Active,Artificial Intelligence,CS3501,3,C+,77,Semester 2,2025
STU202711656,Faizal,Hassan,faizal.hassan1656@university.edu.my,0168561178,Cyber Security,2025-01-10,Active,Web Development,IT2202,4,B,83,Semester 1,2025
STU202711657,Nurul,Karim,nurul.karim1657@university.edu.my,0114486699,Software Engineering,2025-01-10,Active,Software Engineering,SE2201,3,B,83,Semester 2,2025
STU202711658,Sarah,Lee,sarah.lee1658@university.edu.my,0182357430,Cyber Security,2025-01-10,Graduated,Artificial Intelligence,CS3501,4,A-,91,Semester 1,2025
STU202711659,Hafiz,Wong,hafiz.wong1659@university.edu.my,0174526708,Cyber Security,2025-01-10,Active,Computer Networks,IT2301,4,B,85,Semester 1,2026
STU202711660,Jason,Lim,jason.lim1660@university.edu.my,0141487894,Software Engineering,2025-01-10,Active,Cloud Computing,IT3301,3,B+,88,Semester 2,2025
STU202711661,Farhana,Rahman,farhana.rahman1661@university.edu.my,0188529703,Software Engineering,2025-01-10,Active,Artificial Intelligence,CS3501,3,B-,81,Semester 1,2026
STU202711662,Siti,Mahmud,siti.mahmud1662@university.edu.my,0139040716,Business Information Systems,2025-01-10,Active,Network Security,CS3301,3,B-,81,Semester 1,2026
STU202711663,Hanis,Wong,hanis.wong1663@university.edu.my,0151963597,Software Engineering,2025-01-10,Active,Cloud Computing,IT3301,4,C+,78,Semester 1,2026
STU202711664,Farid,Yusof,farid.yusof1664@university.edu.my,0113990658,Information Technology,2025-01-10,Active,Network Security,CS3301,3,A,93,Semester 2,2026
STU202711665,Hafiz,Lee,hafiz.lee1665@university.edu.my,0129400310,Cyber Security,2025-01-10,Active,Machine Learning,CS4501,4,A-,93,Semester 1,2026
STU202711666,Hanis,Hashim,hanis.hashim1666@university.edu.my,0118352359,Cyber Security,2025-01-10,Active,Artificial Intelligence,CS3501,3,C+,78,Semester 1,2026
STU202711667,Nadia,Ismail,nadia.ismail1667@university.edu.my,0181943748,Cyber Security,2025-01-10,Active,Network Security,CS3301,4,B,82,Semester 2,2026
STU202711668,Hafiz,Ali,hafiz.ali1668@university.edu.my,0107290644,Cyber Security,2025-01-10,Graduated,Digital Forensics,CS4401,4,B,84,Semester 1,2026
STU202711669,Aisyah,Teoh,aisyah.teoh1669@university.edu.my,0182112245,Software Engineering,2025-01-10,Active,Cloud Computing,IT3301,3,B-,80,Semester 1,2026
STU202711670,Faizal,Hashim,faizal.hashim1670@university.edu.my,0194701417,Business Information Systems,2025-01-10,Active,Machine Learning,CS4501,3,A-,93,Semester 1,2025
STU202711671,Siti,Saleh,siti.saleh1671@university.edu.my,0127488597,Computer Science,2025-01-10,Active,Computer Networks,IT2301,4,A-,90,Semester 1,2026
STU202711672,Hanis,Tan,hanis.tan1672@university.edu.my,0147277574,Business Information Systems,2025-01-10,Active,Artificial Intelligence,CS3501,4,A-,89,Semester 1,2025
STU202711673,Nurul,Hashim,nurul.hashim1673@university.edu.my,0179702139,Software Engineering,2025-01-10,Graduated,Web Development,IT2202,4,A-,89,Semester 1,2025
STU202711674,Adam,Zulkifli,adam.zulkifli1674@university.edu.my,0129970754,Cyber Security,2025-01-10,Graduated,Data Structures,CS2102,4,A,97,Semester 2,2026
STU202711675,Sarah,Teoh,sarah.teoh1675@university.edu.my,0114254343,Business Information Systems,2025-01-10,Active,Artificial Intelligence,CS3501,4,A-,89,Semester 2,2025
STU202711676,Melissa,Saleh,melissa.saleh1676@university.edu.my,0102507945,Software Engineering,2025-01-10,Active,Software Engineering,SE2201,4,A,94,Semester 1,2026
STU202711677,Faizal,Latif,faizal.latif1677@university.edu.my,0152136853,Cyber Security,2025-01-10,Graduated,Computer Networks,IT2301,3,B-,78,Semester 1,2025
STU202711678,Aisyah,Saleh,aisyah.saleh1678@university.edu.my,0138748108,Software Engineering,2025-01-10,Active,Artificial Intelligence,CS3501,3,A,93,Semester 1,2026
STU202711679,Nadia,Hassan,nadia.hassan1679@university.edu.my,0138304575,Cyber Security,2025-01-10,Active,Digital Forensics,CS4401,4,A-,93,Semester 1,2025
STU202711680,Hafiz,Karim,hafiz.karim1680@university.edu.my,0161036731,Cyber Security,2025-01-10,Active,Computer Networks,IT2301,4,C+,77,Semester 2,2025
STU202711681,Hanis,Ali,hanis.ali1681@university.edu.my,0197710772,Cyber Security,2025-01-10,Active,Artificial Intelligence,CS3501,4,C+,74,Semester 2,2025
STU202711682,Jason,Karim,jason.karim1682@university.edu.my,0151184909,Cyber Security,2025-01-10,Active,Web Development,IT2202,3,A,93,Semester 1,2025
STU202711683,Jason,Teoh,jason.teoh1683@university.edu.my,0173834603,Information Technology,2025-01-10,Active,Web Development,IT2202,4,C+,76,Semester 1,2026
STU202711684,Alicia,Teoh,alicia.teoh1684@university.edu.my,0169228661,Information Technology,2025-01-10,Active,Artificial Intelligence,CS3501,4,B-,79,Semester 2,2025
STU202711685,Farid,Lim,farid.lim1685@university.edu.my,0161486151,Computer Science,2025-01-10,Active,Artificial Intelligence,CS3501,3,C+,74,Semester 2,2026
STU202711686,Hanis,Osman,hanis.osman1686@university.edu.my,0135455519,Information Technology,2025-01-10,Active,Database Systems,CS2201,3,C+,76,Semester 1,2026
STU202711687,Hafiz,Yusof,hafiz.yusof1687@university.edu.my,0148930499,Software Engineering,2025-01-10,Active,Software Engineering,SE2201,3,B,84,Semester 2,2026
STU202711688,Aiman,Hassan,aiman.hassan1688@university.edu.my,0139090614,Information Technology,2025-01-10,Active,Data Structures,CS2102,3,A,95,Semester 2,2025
STU202711689,Nurul,Chong,nurul.chong1689@university.edu.my,0199522043,Computer Science,2025-01-10,Graduated,Digital Forensics,CS4401,3,A-,93,Semester 2,2026
STU202711690,Kevin,Teoh,kevin.teoh1690@university.edu.my,0157610335,Computer Science,2025-01-10,Graduated,Data Structures,CS2102,3,A,95,Semester 1,2025
STU202711691,Melissa,Mahmud,melissa.mahmud1691@university.edu.my,0158086149,Business Information Systems,2025-01-10,Active,Machine Learning,CS4501,4,A,95,Semester 2,2026
STU202711692,Daniel,Zulkifli,daniel.zulkifli1692@university.edu.my,0194484372,Computer Science,2025-01-10,Active,Artificial Intelligence,CS3501,3,B+,89,Semester 1,2026
STU202711693,Hanis,Wong,hanis.wong1693@university.edu.my,0104080951,Software Engineering,2025-01-10,Active,Web Development,IT2202,4,A-,90,Semester 1,2025
STU202711694,Nurin,Saleh,nurin.saleh1694@university.edu.my,0148812932,Cyber Security,2025-01-10,Active,Web Development,IT2202,3,B+,87,Semester 2,2025
STU202711695,Faizal,Mahmud,faizal.mahmud1695@university.edu.my,0167668819,Software Engineering,2025-01-10,Active,Computer Networks,IT2301,4,A-,90,Semester 2,2026
STU202711696,Farid,Tan,farid.tan1696@university.edu.my,0172180123,Information Technology,2025-01-10,Active,Cloud Computing,IT3301,4,C+,78,Semester 2,2026
STU202711697,Nurul,Teoh,nurul.teoh1697@university.edu.my,0194780344,Cyber Security,2025-01-10,Active,Web Development,IT2202,3,C+,77,Semester 1,2025
STU202711698,Alicia,Hashim,alicia.hashim1698@university.edu.my,0152590904,Business Information Systems,2025-01-10,Graduated,Machine Learning,CS4501,4,A-,92,Semester 1,2025
STU202711699,Faizal,Hashim,faizal.hashim1699@university.edu.my,0148502601,Software Engineering,2025-01-10,Active,Network Security,CS3301,3,B-,82,Semester 1,2026
STU202711700,Faizal,Hassan,faizal.hassan1700@university.edu.my,0155612310,Computer Science,2025-01-10,Active,Machine Learning,CS4501,4,B,82,Semester 1,2025
STU202711701,Amir,Hashim,amir.hashim1701@university.edu.my,0172693671,Cyber Security,2025-01-10,Active,Computer Networks,IT2301,3,C+,74,Semester 2,2025
STU202711702,Adam,Jaafar,adam.jaafar1702@university.edu.my,0194951323,Computer Science,2025-01-10,Active,Cloud Computing,IT3301,4,B-,79,Semester 2,2025
STU202711703,Kevin,Karim,kevin.karim1703@university.edu.my,0171096787,Information Technology,2025-01-10,Active,Computer Networks,IT2301,3,A,93,Semester 1,2025
STU202711704,Siti,Saleh,siti.saleh1704@university.edu.my,0148092228,Business Information Systems,2025-01-10,Active,Artificial Intelligence,CS3501,3,A-,92,Semester 2,2025
STU202711705,Adam,Zulkifli,adam.zulkifli1705@university.edu.my,0176822372,Cyber Security,2025-01-10,Active,Artificial Intelligence,CS3501,4,A,97,Semester 2,2025
STU202711706,Kevin,Jaafar,kevin.jaafar1706@university.edu.my,0164888894,Business Information Systems,2025-01-10,Graduated,Data Structures,CS2102,3,A-,89,Semester 2,2026
STU202711707,Aiman,Jaafar,aiman.jaafar1707@university.edu.my,0139107956,Cyber Security,2025-01-10,Active,Digital Forensics,CS4401,4,C+,75,Semester 2,2025
STU202711708,Aisyah,Latif,aisyah.latif1708@university.edu.my,0106814876,Information Technology,2025-01-10,Graduated,Network Security,CS3301,4,B-,79,Semester 1,2025
STU202711709,Nurin,Lee,nurin.lee1709@university.edu.my,0111080480,Computer Science,2025-01-10,Graduated,Web Development,IT2202,4,C+,78,Semester 1,2025
STU202711710,Farid,Tan,farid.tan1710@university.edu.my,0118076212,Computer Science,2025-01-10,Active,Artificial Intelligence,CS3501,3,C+,78,Semester 1,2026
STU202711711,Nurul,Ismail,nurul.ismail1711@university.edu.my,0149727831,Information Technology,2025-01-10,Active,Web Development,IT2202,4,A,96,Semester 1,2025
STU202711712,Farhana,Tan,farhana.tan1712@university.edu.my,0179088986,Cyber Security,2025-01-10,Active,Database Systems,CS2201,4,A-,89,Semester 2,2026
STU202711713,Faizal,Hassan,faizal.hassan1713@university.edu.my,0113068307,Computer Science,2025-01-10,Graduated,Cloud Computing,IT3301,4,B+,89,Semester 1,2025
STU202711714,Nurin,Karim,nurin.karim1714@university.edu.my,0174500037,Software Engineering,2025-01-10,Active,Artificial Intelligence,CS3501,3,A,93,Semester 1,2026
STU202711715,Adam,Yusof,adam.yusof1715@university.edu.my,0163535562,Cyber Security,2025-01-10,Active,Artificial Intelligence,CS3501,4,B-,78,Semester 1,2026
STU202711716,Farid,Ismail,farid.ismail1716@university.edu.my,0152001234,Business Information Systems,2025-01-10,Active,Artificial Intelligence,CS3501,4,C+,74,Semester 2,2025
STU202711717,Siti,Chong,siti.chong1717@university.edu.my,0114736805,Information Technology,2025-01-10,Active,Database Systems,CS2201,3,A,95,Semester 2,2025
STU202711718,Daniel,Teoh,daniel.teoh1718@university.edu.my,0153477758,Software Engineering,2025-01-10,Active,Computer Networks,IT2301,4,B,85,Semester 1,2025
STU202711719,Nurin,Saleh,nurin.saleh1719@university.edu.my,0132703212,Cyber Security,2025-01-10,Active,Network Security,CS3301,3,A-,89,Semester 1,2025
STU202711720,Daniel,Hassan,daniel.hassan1720@university.edu.my,0149189127,Software Engineering,2025-01-10,Active,Cloud Computing,IT3301,3,A-,92,Semester 1,2026
STU202711721,Farid,Lee,farid.lee1721@university.edu.my,0188988973,Business Information Systems,2025-01-10,Active,Software Engineering,SE2201,3,B-,78,Semester 2,2026
STU202711722,Siti,Saleh,siti.saleh1722@university.edu.my,0174695265,Software Engineering,2025-01-10,Active,Data Structures,CS2102,3,A,93,Semester 2,2025
STU202711723,Farhana,Karim,farhana.karim1723@university.edu.my,0173649575,Software Engineering,2025-01-10,Graduated,Cloud Computing,IT3301,4,B-,79,Semester 2,2026
STU202711724,Ahmad,Latif,ahmad.latif1724@university.edu.my,0142320500,Business Information Systems,2025-01-10,Active,Database Systems,CS2201,4,A,93,Semester 2,2025
STU202711725,Aiman,Saleh,aiman.saleh1725@university.edu.my,0104148914,Business Information Systems,2025-01-10,Active,Data Structures,CS2102,3,B,85,Semester 2,2026
STU202711726,Farid,Jaafar,farid.jaafar1726@university.edu.my,0111975970,Cyber Security,2025-01-10,Active,Data Structures,CS2102,3,C+,75,Semester 2,2025
STU202711727,Ahmad,Ali,ahmad.ali1727@university.edu.my,0188609073,Software Engineering,2025-01-10,Active,Software Engineering,SE2201,4,C+,74,Semester 1,2025
STU202711728,Nadia,Ismail,nadia.ismail1728@university.edu.my,0152844036,Computer Science,2025-01-10,Active,Computer Networks,IT2301,4,A,95,Semester 2,2025
STU202711729,Sarah,Latif,sarah.latif1729@university.edu.my,0185140553,Computer Science,2025-01-10,Active,Cloud Computing,IT3301,4,A-,90,Semester 1,2025
STU202711730,Faizal,Yusof,faizal.yusof1730@university.edu.my,0122259889,Information Technology,2025-01-10,Active,Computer Networks,IT2301,3,A-,91,Semester 1,2026
STU202711731,Alicia,Yusof,alicia.yusof1731@university.edu.my,0182210821,Cyber Security,2025-01-10,Graduated,Computer Networks,IT2301,4,A-,91,Semester 1,2025
STU202711732,Alicia,Wong,alicia.wong1732@university.edu.my,0107053099,Cyber Security,2025-01-10,Graduated,Data Structures,CS2102,3,A,95,Semester 2,2026
STU202711733,Farid,Hashim,farid.hashim1733@university.edu.my,0167215292,Cyber Security,2025-01-10,Active,Cloud Computing,IT3301,3,B,86,Semester 2,2026
STU202711734,Siti,Teoh,siti.teoh1734@university.edu.my,0146123040,Business Information Systems,2025-01-10,Active,Database Systems,CS2201,3,B+,87,Semester 2,2026
STU202711735,Adam,Tan,adam.tan1735@university.edu.my,0133282336,Information Technology,2025-01-10,Active,Data Structures,CS2102,4,A,94,Semester 2,2025
STU202711736,Nurul,Karim,nurul.karim1736@university.edu.my,0136710864,Software Engineering,2025-01-10,Active,Network Security,CS3301,4,A,97,Semester 2,2026
STU202711737,Nurin,Lim,nurin.lim1737@university.edu.my,0123664484,Cyber Security,2025-01-10,Graduated,Machine Learning,CS4501,4,A,94,Semester 1,2026
STU202711738,Daniel,Wong,daniel.wong1738@university.edu.my,0113293982,Computer Science,2025-01-10,Graduated,Digital Forensics,CS4401,4,B+,86,Semester 2,2026
STU202711739,Aisyah,Teoh,aisyah.teoh1739@university.edu.my,0121238365,Computer Science,2025-01-10,Active,Web Development,IT2202,3,A,95,Semester 1,2025
STU202711740,Ahmad,Osman,ahmad.osman1740@university.edu.my,0161980804,Cyber Security,2025-01-10,Active,Network Security,CS3301,4,B-,80,Semester 2,2026
STU202711741,Hanis,Mahmud,hanis.mahmud1741@university.edu.my,0143256241,Business Information Systems,2025-01-10,Active,Cloud Computing,IT3301,3,A,97,Semester 2,2025
STU202711742,Sarah,Ali,sarah.ali1742@university.edu.my,0101664056,Computer Science,2025-01-10,Active,Network Security,CS3301,3,B,82,Semester 2,2026
STU202711743,Daniel,Saleh,daniel.saleh1743@university.edu.my,0188791114,Cyber Security,2025-01-10,Graduated,Computer Networks,IT2301,4,B,84,Semester 2,2025
STU202711744,Nurul,Teoh,nurul.teoh1744@university.edu.my,0125062411,Computer Science,2025-01-10,Active,Machine Learning,CS4501,4,A,95,Semester 2,2026
STU202711745,Amir,Tan,amir.tan1745@university.edu.my,0112266821,Software Engineering,2025-01-10,Graduated,Cloud Computing,IT3301,3,A-,92,Semester 1,2026
STU202711746,Alicia,Hassan,alicia.hassan1746@university.edu.my,0119068603,Information Technology,2025-01-10,Active,Software Engineering,SE2201,4,B-,78,Semester 1,2026
STU202711747,Faizal,Teoh,faizal.teoh1747@university.edu.my,0145012533,Information Technology,2025-01-10,Graduated,Cloud Computing,IT3301,4,C+,77,Semester 2,2026
STU202711748,Siti,Zulkifli,siti.zulkifli1748@university.edu.my,0161456161,Computer Science,2025-01-10,Active,Computer Networks,IT2301,4,B+,89,Semester 1,2025
STU202711749,Daniel,Karim,daniel.karim1749@university.edu.my,0175059059,Information Technology,2025-01-10,Active,Software Engineering,SE2201,4,B,85,Semester 1,2026
STU202711750,Jason,Saleh,jason.saleh1750@university.edu.my,0122795775,Computer Science,2025-01-10,Active,Computer Networks,IT2301,4,A-,89,Semester 2,2025
STU202711751,Hanis,Mahmud,hanis.mahmud1751@university.edu.my,0105625937,Business Information Systems,2025-01-10,Active,Web Development,IT2202,3,B+,89,Semester 1,2026
STU202711752,Kevin,Hashim,kevin.hashim1752@university.edu.my,0186747969,Software Engineering,2025-01-10,Active,Network Security,CS3301,4,B,83,Semester 1,2025
STU202711753,Nurin,Latif,nurin.latif1753@university.edu.my,0128196770,Cyber Security,2025-01-10,Active,Software Engineering,SE2201,3,A-,93,Semester 2,2026
STU202711754,Nadia,Yusof,nadia.yusof1754@university.edu.my,0117472975,Information Technology,2025-01-10,Graduated,Network Security,CS3301,4,A-,89,Semester 2,2025
STU202711755,Daniel,Mahmud,daniel.mahmud1755@university.edu.my,0111785340,Cyber Security,2025-01-10,Active,Cloud Computing,IT3301,4,A,93,Semester 2,2025
STU202711756,Jason,Rahman,jason.rahman1756@university.edu.my,0103787784,Software Engineering,2025-01-10,Graduated,Software Engineering,SE2201,3,B-,80,Semester 1,2026
STU202711757,Sarah,Tan,sarah.tan1757@university.edu.my,0174388280,Software Engineering,2025-01-10,Active,Computer Networks,IT2301,3,A,93,Semester 1,2025
STU202711758,Jason,Hassan,jason.hassan1758@university.edu.my,0147577333,Software Engineering,2025-01-10,Active,Artificial Intelligence,CS3501,3,C+,75,Semester 2,2026
STU202711759,Hanis,Ali,hanis.ali1759@university.edu.my,0102316249,Software Engineering,2025-01-10,Active,Web Development,IT2202,4,B-,78,Semester 2,2025
STU202711760,Farhana,Chong,farhana.chong1760@university.edu.my,0168534566,Software Engineering,2025-01-10,Active,Web Development,IT2202,3,B,84,Semester 1,2025
STU202711761,Hanis,Latif,hanis.latif1761@university.edu.my,0154700043,Computer Science,2025-01-10,Graduated,Artificial Intelligence,CS3501,3,B+,86,Semester 1,2026
STU202711762,Siti,Chong,siti.chong1762@university.edu.my,0149852322,Software Engineering,2025-01-10,Graduated,Cloud Computing,IT3301,3,B,83,Semester 1,2026
STU202711763,Aiman,Chong,aiman.chong1763@university.edu.my,0148695259,Computer Science,2025-01-10,Active,Cloud Computing,IT3301,3,A-,90,Semester 2,2026
STU202711764,Ahmad,Latif,ahmad.latif1764@university.edu.my,0131255188,Software Engineering,2025-01-10,Active,Network Security,CS3301,4,B+,89,Semester 1,2026
STU202711765,Amir,Jaafar,amir.jaafar1765@university.edu.my,0169449730,Information Technology,2025-01-10,Graduated,Software Engineering,SE2201,4,B+,88,Semester 1,2026
STU202711766,Hanis,Chong,hanis.chong1766@university.edu.my,0192343335,Business Information Systems,2025-01-10,Graduated,Database Systems,CS2201,4,B-,78,Semester 1,2026
STU202711767,Hanis,Chong,hanis.chong1767@university.edu.my,0186715698,Cyber Security,2025-01-10,Graduated,Computer Networks,IT2301,3,C+,76,Semester 2,2026
STU202711768,Alicia,Wong,alicia.wong1768@university.edu.my,0185746513,Business Information Systems,2025-01-10,Graduated,Network Security,CS3301,3,C+,75,Semester 2,2025
STU202711769,Farid,Karim,farid.karim1769@university.edu.my,0164111789,Computer Science,2025-01-10,Active,Web Development,IT2202,3,A-,92,Semester 2,2025
STU202711770,Aiman,Hamid,aiman.hamid1770@university.edu.my,0167096273,Software Engineering,2025-01-10,Active,Digital Forensics,CS4401,4,B+,88,Semester 1,2026
STU202711771,Ahmad,Mahmud,ahmad.mahmud1771@university.edu.my,0142266359,Computer Science,2025-01-10,Graduated,Software Engineering,SE2201,3,A,96,Semester 1,2026
STU202711772,Ahmad,Latif,ahmad.latif1772@university.edu.my,0115990140,Information Technology,2025-01-10,Active,Cloud Computing,IT3301,3,B-,80,Semester 2,2025
STU202711773,Ahmad,Teoh,ahmad.teoh1773@university.edu.my,0172715078,Software Engineering,2025-01-10,Active,Software Engineering,SE2201,4,A-,93,Semester 1,2026
STU202711774,Hanis,Ismail,hanis.ismail1774@university.edu.my,0167667243,Computer Science,2025-01-10,Graduated,Artificial Intelligence,CS3501,3,B,83,Semester 2,2026
STU202711775,Hafiz,Tan,hafiz.tan1775@university.edu.my,0194149485,Information Technology,2025-01-10,Active,Web Development,IT2202,3,B-,81,Semester 2,2025
STU202711776,Farhana,Chong,farhana.chong1776@university.edu.my,0199844835,Information Technology,2025-01-10,Active,Machine Learning,CS4501,3,A,94,Semester 1,2025
STU202711777,Nurul,Ismail,nurul.ismail1777@university.edu.my,0178753703,Software Engineering,2025-01-10,Active,Database Systems,CS2201,4,B+,86,Semester 1,2026
STU202711778,Hanis,Mahmud,hanis.mahmud1778@university.edu.my,0133118971,Business Information Systems,2025-01-10,Graduated,Machine Learning,CS4501,3,B,83,Semester 2,2026
STU202711779,Alicia,Teoh,alicia.teoh1779@university.edu.my,0138825752,Information Technology,2025-01-10,Graduated,Software Engineering,SE2201,4,A,96,Semester 1,2025
STU202711780,Aisyah,Karim,aisyah.karim1780@university.edu.my,0174338209,Business Information Systems,2025-01-10,Active,Network Security,CS3301,4,A-,89,Semester 1,2025
STU202711781,Hafiz,Mahmud,hafiz.mahmud1781@university.edu.my,0122864890,Computer Science,2025-01-10,Active,Digital Forensics,CS4401,4,B,86,Semester 1,2025
STU202711782,Hanis,Chong,hanis.chong1782@university.edu.my,0144475463,Information Technology,2025-01-10,Active,Web Development,IT2202,3,B+,89,Semester 1,2026
STU202711783,Alicia,Karim,alicia.karim1783@university.edu.my,0178928392,Business Information Systems,2025-01-10,Graduated,Software Engineering,SE2201,4,A-,93,Semester 1,2026
STU202711784,Faizal,Karim,faizal.karim1784@university.edu.my,0116195004,Cyber Security,2025-01-10,Active,Cloud Computing,IT3301,3,A,95,Semester 2,2025
STU202711785,Jason,Hassan,jason.hassan1785@university.edu.my,0112564495,Business Information Systems,2025-01-10,Active,Digital Forensics,CS4401,4,B+,90,Semester 2,2025
STU202711786,Kevin,Osman,kevin.osman1786@university.edu.my,0125237540,Computer Science,2025-01-10,Active,Software Engineering,SE2201,4,B,86,Semester 2,2026
STU202711787,Sarah,Lee,sarah.lee1787@university.edu.my,0105586625,Business Information Systems,2025-01-10,Graduated,Web Development,IT2202,3,B,82,Semester 1,2025
STU202711788,Hanis,Hassan,hanis.hassan1788@university.edu.my,0196231822,Cyber Security,2025-01-10,Graduated,Network Security,CS3301,4,C+,74,Semester 2,2026
STU202711789,Faizal,Hamid,faizal.hamid1789@university.edu.my,0139098365,Computer Science,2025-01-10,Active,Software Engineering,SE2201,4,B-,80,Semester 2,2026
STU202711790,Kevin,Chong,kevin.chong1790@university.edu.my,0145885367,Computer Science,2025-01-10,Active,Artificial Intelligence,CS3501,4,B+,88,Semester 2,2026
STU202711791,Ahmad,Chong,ahmad.chong1791@university.edu.my,0177137839,Computer Science,2025-01-10,Active,Database Systems,CS2201,4,B+,87,Semester 1,2026
STU202711792,Aisyah,Tan,aisyah.tan1792@university.edu.my,0117030973,Software Engineering,2025-01-10,Graduated,Network Security,CS3301,3,C+,76,Semester 2,2026
STU202711793,Melissa,Ali,melissa.ali1793@university.edu.my,0158672981,Software Engineering,2025-01-10,Graduated,Digital Forensics,CS4401,3,B-,82,Semester 1,2026
STU202711794,Hanis,Saleh,hanis.saleh1794@university.edu.my,0164060216,Cyber Security,2025-01-10,Active,Digital Forensics,CS4401,3,B-,82,Semester 2,2025
STU202711795,Hanis,Osman,hanis.osman1795@university.edu.my,0175435651,Cyber Security,2025-01-10,Graduated,Artificial Intelligence,CS3501,4,A-,89,Semester 1,2025
STU202711796,Sarah,Lim,sarah.lim1796@university.edu.my,0138950739,Business Information Systems,2025-01-10,Active,Data Structures,CS2102,4,B+,89,Semester 1,2026
STU202711797,Amir,Osman,amir.osman1797@university.edu.my,0129243244,Cyber Security,2025-01-10,Active,Software Engineering,SE2201,3,B+,86,Semester 1,2026
STU202711798,Adam,Chong,adam.chong1798@university.edu.my,0143895942,Information Technology,2025-01-10,Active,Computer Networks,IT2301,4,B-,79,Semester 2,2026
STU202711799,Ahmad,Jaafar,ahmad.jaafar1799@university.edu.my,0155433089,Cyber Security,2025-01-10,Graduated,Software Engineering,SE2201,4,A-,91,Semester 2,2025
STU202711800,Aiman,Saleh,aiman.saleh1800@university.edu.my,0134045955,Business Information Systems,2025-01-10,Active,Digital Forensics,CS4401,3,B,86,Semester 2,2026
STU202711801,Aiman,Lim,aiman.lim1801@university.edu.my,0135549519,Software Engineering,2025-01-10,Active,Network Security,CS3301,3,A,97,Semester 2,2025
STU202711802,Faizal,Lim,faizal.lim1802@university.edu.my,0161138697,Software Engineering,2025-01-10,Graduated,Digital Forensics,CS4401,3,A,95,Semester 1,2025
STU202711803,Kevin,Zulkifli,kevin.zulkifli1803@university.edu.my,0112818151,Software Engineering,2025-01-10,Graduated,Data Structures,CS2102,4,C+,76,Semester 2,2026
STU202711804,Hanis,Osman,hanis.osman1804@university.edu.my,0142716548,Cyber Security,2025-01-10,Active,Digital Forensics,CS4401,4,B+,87,Semester 1,2026
STU202711805,Aisyah,Teoh,aisyah.teoh1805@university.edu.my,0141231671,Business Information Systems,2025-01-10,Graduated,Data Structures,CS2102,3,A,97,Semester 1,2026
STU202711806,Kevin,Yusof,kevin.yusof1806@university.edu.my,0162453562,Computer Science,2025-01-10,Active,Computer Networks,IT2301,4,A,93,Semester 1,2026
STU202711807,Siti,Hamid,siti.hamid1807@university.edu.my,0156317590,Computer Science,2025-01-10,Graduated,Machine Learning,CS4501,4,B,82,Semester 2,2026
STU202711808,Aiman,Hashim,aiman.hashim1808@university.edu.my,0136829071,Business Information Systems,2025-01-10,Graduated,Database Systems,CS2201,3,B-,80,Semester 1,2025
STU202711809,Nurin,Karim,nurin.karim1809@university.edu.my,0152818851,Computer Science,2025-01-10,Graduated,Web Development,IT2202,4,A,95,Semester 1,2025
STU202711810,Farhana,Karim,farhana.karim1810@university.edu.my,0179436020,Cyber Security,2025-01-10,Active,Machine Learning,CS4501,4,B,84,Semester 1,2025
STU202711811,Aiman,Latif,aiman.latif1811@university.edu.my,0131362807,Cyber Security,2025-01-10,Active,Web Development,IT2202,4,A,95,Semester 2,2026
STU202711812,Melissa,Ali,melissa.ali1812@university.edu.my,0112487153,Business Information Systems,2025-01-10,Graduated,Database Systems,CS2201,3,C+,74,Semester 1,2025
STU202711813,Sarah,Latif,sarah.latif1813@university.edu.my,0111736638,Computer Science,2025-01-10,Graduated,Machine Learning,CS4501,4,B,84,Semester 1,2026
STU202711814,Sarah,Hashim,sarah.hashim1814@university.edu.my,0118604311,Computer Science,2025-01-10,Active,Data Structures,CS2102,3,C+,76,Semester 2,2026
STU202711815,Jason,Jaafar,jason.jaafar1815@university.edu.my,0128575285,Business Information Systems,2025-01-10,Active,Computer Networks,IT2301,3,B+,87,Semester 1,2026
STU202711816,Hafiz,Teoh,hafiz.teoh1816@university.edu.my,0148663552,Computer Science,2025-01-10,Active,Web Development,IT2202,4,B-,82,Semester 1,2026
STU202711817,Farhana,Teoh,farhana.teoh1817@university.edu.my,0128047420,Information Technology,2025-01-10,Graduated,Digital Forensics,CS4401,3,C+,75,Semester 1,2025
STU202711818,Adam,Karim,adam.karim1818@university.edu.my,0156204791,Cyber Security,2025-01-10,Active,Artificial Intelligence,CS3501,3,C+,76,Semester 1,2026
STU202711819,Daniel,Hamid,daniel.hamid1819@university.edu.my,0133306904,Computer Science,2025-01-10,Active,Artificial Intelligence,CS3501,3,A,96,Semester 1,2026
STU202711820,Aiman,Rahman,aiman.rahman1820@university.edu.my,0189402241,Computer Science,2025-01-10,Active,Software Engineering,SE2201,4,C+,78,Semester 2,2026
STU202711821,Ahmad,Zulkifli,ahmad.zulkifli1821@university.edu.my,0148754941,Cyber Security,2025-01-10,Active,Cloud Computing,IT3301,4,C+,78,Semester 2,2026
STU202711822,Nadia,Wong,nadia.wong1822@university.edu.my,0122466706,Information Technology,2025-01-10,Graduated,Computer Networks,IT2301,4,A-,91,Semester 2,2026
STU202711823,Aisyah,Mahmud,aisyah.mahmud1823@university.edu.my,0133628483,Business Information Systems,2025-01-10,Active,Software Engineering,SE2201,4,A-,90,Semester 2,2026
STU202711824,Jason,Hassan,jason.hassan1824@university.edu.my,0194813371,Computer Science,2025-01-10,Graduated,Cloud Computing,IT3301,3,B-,78,Semester 1,2025
STU202711825,Aisyah,Lee,aisyah.lee1825@university.edu.my,0107670608,Computer Science,2025-01-10,Active,Web Development,IT2202,3,A,96,Semester 1,2026
STU202711826,Daniel,Ismail,daniel.ismail1826@university.edu.my,0145934786,Cyber Security,2025-01-10,Graduated,Software Engineering,SE2201,4,B+,89,Semester 2,2025
STU202711827,Jason,Saleh,jason.saleh1827@university.edu.my,0183657980,Software Engineering,2025-01-10,Active,Data Structures,CS2102,3,B-,78,Semester 1,2025
STU202711828,Kevin,Latif,kevin.latif1828@university.edu.my,0148449409,Cyber Security,2025-01-10,Active,Cloud Computing,IT3301,3,B+,86,Semester 2,2026
STU202711829,Nurin,Osman,nurin.osman1829@university.edu.my,0151822055,Cyber Security,2025-01-10,Graduated,Machine Learning,CS4501,4,B+,89,Semester 1,2026
STU202711830,Amir,Jaafar,amir.jaafar1830@university.edu.my,0122175749,Software Engineering,2025-01-10,Active,Machine Learning,CS4501,3,B+,87,Semester 2,2025
STU202711831,Farhana,Rahman,farhana.rahman1831@university.edu.my,0156859170,Business Information Systems,2025-01-10,Active,Cloud Computing,IT3301,3,C+,75,Semester 2,2025
STU202711832,Siti,Karim,siti.karim1832@university.edu.my,0125970715,Business Information Systems,2025-01-10,Active,Software Engineering,SE2201,4,B+,90,Semester 1,2025
STU202711833,Melissa,Lim,melissa.lim1833@university.edu.my,0141194831,Information Technology,2025-01-10,Active,Digital Forensics,CS4401,3,B,85,Semester 2,2026
STU202711834,Melissa,Tan,melissa.tan1834@university.edu.my,0133126947,Computer Science,2025-01-10,Active,Network Security,CS3301,4,C+,77,Semester 2,2026
STU202711835,Adam,Ismail,adam.ismail1835@university.edu.my,0147532365,Business Information Systems,2025-01-10,Graduated,Digital Forensics,CS4401,4,B-,82,Semester 2,2025
STU202711836,Nurin,Osman,nurin.osman1836@university.edu.my,0131592325,Computer Science,2025-01-10,Active,Artificial Intelligence,CS3501,4,B,82,Semester 2,2026
STU202711837,Nadia,Hassan,nadia.hassan1837@university.edu.my,0182780888,Cyber Security,2025-01-10,Active,Computer Networks,IT2301,3,B+,90,Semester 1,2026
STU202711838,Amir,Ismail,amir.ismail1838@university.edu.my,0193355385,Software Engineering,2025-01-10,Active,Cloud Computing,IT3301,3,A,95,Semester 1,2025
STU202711839,Aiman,Zulkifli,aiman.zulkifli1839@university.edu.my,0161258125,Business Information Systems,2025-01-10,Active,Artificial Intelligence,CS3501,3,B,86,Semester 2,2025
STU202711840,Siti,Karim,siti.karim1840@university.edu.my,0172469318,Information Technology,2025-01-10,Active,Digital Forensics,CS4401,3,B+,89,Semester 2,2025
STU202711841,Ahmad,Hamid,ahmad.hamid1841@university.edu.my,0178899131,Cyber Security,2025-01-10,Active,Database Systems,CS2201,4,B-,81,Semester 1,2026
STU202711842,Faizal,Hashim,faizal.hashim1842@university.edu.my,0135694739,Software Engineering,2025-01-10,Active,Machine Learning,CS4501,4,B+,86,Semester 2,2025
STU202711843,Daniel,Wong,daniel.wong1843@university.edu.my,0108199680,Cyber Security,2025-01-10,Active,Cloud Computing,IT3301,4,B-,82,Semester 2,2025
STU202711844,Hafiz,Rahman,hafiz.rahman1844@university.edu.my,0198147990,Computer Science,2025-01-10,Graduated,Machine Learning,CS4501,4,B-,80,Semester 1,2025
STU202711845,Hanis,Latif,hanis.latif1845@university.edu.my,0122675083,Software Engineering,2025-01-10,Active,Machine Learning,CS4501,3,B+,89,Semester 2,2026
STU202711846,Ahmad,Zulkifli,ahmad.zulkifli1846@university.edu.my,0157194346,Computer Science,2025-01-10,Active,Digital Forensics,CS4401,3,A,95,Semester 2,2025
STU202711847,Sarah,Yusof,sarah.yusof1847@university.edu.my,0173895801,Business Information Systems,2025-01-10,Active,Machine Learning,CS4501,4,B-,82,Semester 2,2026
STU202711848,Aisyah,Mahmud,aisyah.mahmud1848@university.edu.my,0193480386,Cyber Security,2025-01-10,Active,Cloud Computing,IT3301,3,B+,87,Semester 2,2025
STU202711849,Nurin,Ismail,nurin.ismail1849@university.edu.my,0146748829,Information Technology,2025-01-10,Graduated,Artificial Intelligence,CS3501,3,B,83,Semester 1,2026
STU202711850,Kevin,Ali,kevin.ali1850@university.edu.my,0197392083,Information Technology,2025-01-10,Active,Digital Forensics,CS4401,3,C+,77,Semester 2,2026
STU202711851,Siti,Lee,siti.lee1851@university.edu.my,0117623553,Software Engineering,2025-01-10,Graduated,Computer Networks,IT2301,4,B-,78,Semester 1,2025
STU202711852,Farid,Zulkifli,farid.zulkifli1852@university.edu.my,0111189986,Cyber Security,2025-01-10,Active,Database Systems,CS2201,3,B+,87,Semester 2,2026
STU202711853,Sarah,Wong,sarah.wong1853@university.edu.my,0103523451,Information Technology,2025-01-10,Active,Artificial Intelligence,CS3501,4,C+,77,Semester 1,2026
STU202711854,Alicia,Zulkifli,alicia.zulkifli1854@university.edu.my,0144708004,Cyber Security,2025-01-10,Active,Network Security,CS3301,4,A,97,Semester 1,2026
STU202711855,Amir,Teoh,amir.teoh1855@university.edu.my,0145010986,Computer Science,2025-01-10,Graduated,Software Engineering,SE2201,4,B+,89,Semester 2,2025
STU202711856,Siti,Hamid,siti.hamid1856@university.edu.my,0164871043,Computer Science,2025-01-10,Active,Artificial Intelligence,CS3501,3,A,96,Semester 1,2025
STU202711857,Nurin,Osman,nurin.osman1857@university.edu.my,0166762738,Cyber Security,2025-01-10,Graduated,Cloud Computing,IT3301,4,B-,82,Semester 1,2026
STU202711858,Adam,Lee,adam.lee1858@university.edu.my,0181911180,Software Engineering,2025-01-10,Active,Cloud Computing,IT3301,3,C+,77,Semester 2,2025
STU202711859,Hanis,Lim,hanis.lim1859@university.edu.my,0105005119,Computer Science,2025-01-10,Active,Database Systems,CS2201,3,C+,77,Semester 1,2025
STU202711860,Jason,Rahman,jason.rahman1860@university.edu.my,0113873688,Cyber Security,2025-01-10,Active,Network Security,CS3301,3,C+,77,Semester 2,2026
STU202711861,Ahmad,Wong,ahmad.wong1861@university.edu.my,0166490987,Cyber Security,2025-01-10,Active,Cloud Computing,IT3301,3,C+,74,Semester 2,2025
STU202711862,Farid,Hashim,farid.hashim1862@university.edu.my,0104070852,Computer Science,2025-01-10,Active,Cloud Computing,IT3301,3,B,82,Semester 2,2026
STU202711863,Aiman,Latif,aiman.latif1863@university.edu.my,0101454425,Business Information Systems,2025-01-10,Graduated,Network Security,CS3301,4,B-,78,Semester 2,2025
STU202711864,Jason,Hassan,jason.hassan1864@university.edu.my,0172771629,Computer Science,2025-01-10,Active,Data Structures,CS2102,3,B+,88,Semester 1,2025
STU202711865,Farhana,Chong,farhana.chong1865@university.edu.my,0199463369,Computer Science,2025-01-10,Active,Computer Networks,IT2301,3,B+,86,Semester 2,2026
STU202711866,Farhana,Teoh,farhana.teoh1866@university.edu.my,0113348258,Computer Science,2025-01-10,Active,Machine Learning,CS4501,4,B+,89,Semester 2,2025
STU202711867,Siti,Chong,siti.chong1867@university.edu.my,0145156337,Software Engineering,2025-01-10,Active,Cloud Computing,IT3301,4,B+,88,Semester 2,2025
STU202711868,Faizal,Chong,faizal.chong1868@university.edu.my,0106506398,Cyber Security,2025-01-10,Active,Cloud Computing,IT3301,3,A-,89,Semester 2,2026
STU202711869,Nurul,Osman,nurul.osman1869@university.edu.my,0102965809,Computer Science,2025-01-10,Active,Artificial Intelligence,CS3501,3,B+,86,Semester 2,2026
STU202711870,Adam,Rahman,adam.rahman1870@university.edu.my,0133065100,Business Information Systems,2025-01-10,Active,Digital Forensics,CS4401,4,B,83,Semester 1,2025
STU202711871,Daniel,Ismail,daniel.ismail1871@university.edu.my,0134571299,Information Technology,2025-01-10,Active,Digital Forensics,CS4401,4,A,94,Semester 1,2026
STU202711872,Ahmad,Saleh,ahmad.saleh1872@university.edu.my,0113275795,Information Technology,2025-01-10,Active,Cloud Computing,IT3301,4,B,86,Semester 1,2026
STU202711873,Siti,Zulkifli,siti.zulkifli1873@university.edu.my,0187182876,Computer Science,2025-01-10,Active,Computer Networks,IT2301,3,C+,77,Semester 1,2025
STU202711874,Nurul,Rahman,nurul.rahman1874@university.edu.my,0161503562,Cyber Security,2025-01-10,Active,Data Structures,CS2102,3,A,93,Semester 1,2026
STU202711875,Daniel,Mahmud,daniel.mahmud1875@university.edu.my,0188157524,Information Technology,2025-01-10,Active,Software Engineering,SE2201,3,A-,90,Semester 2,2025
STU202711876,Alicia,Osman,alicia.osman1876@university.edu.my,0123159195,Business Information Systems,2025-01-10,Graduated,Web Development,IT2202,4,B,86,Semester 1,2025
STU202711877,Melissa,Karim,melissa.karim1877@university.edu.my,0108365398,Software Engineering,2025-01-10,Active,Cloud Computing,IT3301,3,A-,93,Semester 2,2025
STU202711878,Hanis,Osman,hanis.osman1878@university.edu.my,0184347560,Information Technology,2025-01-10,Active,Web Development,IT2202,4,A-,92,Semester 1,2025
STU202711879,Farid,Yusof,farid.yusof1879@university.edu.my,0129209301,Computer Science,2025-01-10,Active,Database Systems,CS2201,4,B-,81,Semester 2,2025
STU202711880,Adam,Ismail,adam.ismail1880@university.edu.my,0157763117,Cyber Security,2025-01-10,Graduated,Artificial Intelligence,CS3501,3,B,82,Semester 1,2025
STU202711881,Daniel,Wong,daniel.wong1881@university.edu.my,0123389777,Software Engineering,2025-01-10,Graduated,Web Development,IT2202,3,B-,78,Semester 2,2026
STU202711882,Ahmad,Hamid,ahmad.hamid1882@university.edu.my,0101995636,Business Information Systems,2025-01-10,Graduated,Machine Learning,CS4501,4,A-,93,Semester 2,2026
STU202711883,Hanis,Wong,hanis.wong1883@university.edu.my,0142301390,Business Information Systems,2025-01-10,Graduated,Data Structures,CS2102,4,B-,80,Semester 2,2025
STU202711884,Jason,Zulkifli,jason.zulkifli1884@university.edu.my,0186602721,Software Engineering,2025-01-10,Graduated,Computer Networks,IT2301,3,A-,91,Semester 1,2026
STU202711885,Adam,Hassan,adam.hassan1885@university.edu.my,0154899614,Computer Science,2025-01-10,Active,Web Development,IT2202,3,B,84,Semester 1,2026
STU202711886,Aisyah,Hashim,aisyah.hashim1886@university.edu.my,0198902354,Business Information Systems,2025-01-10,Active,Artificial Intelligence,CS3501,4,B,86,Semester 1,2026
STU202711887,Sarah,Saleh,sarah.saleh1887@university.edu.my,0182081167,Software Engineering,2025-01-10,Active,Machine Learning,CS4501,3,B,83,Semester 1,2025
STU202711888,Hafiz,Saleh,hafiz.saleh1888@university.edu.my,0195688455,Software Engineering,2025-01-10,Graduated,Web Development,IT2202,3,A-,91,Semester 2,2025
STU202711889,Sarah,Lim,sarah.lim1889@university.edu.my,0168448171,Information Technology,2025-01-10,Active,Web Development,IT2202,3,A-,90,Semester 2,2026
STU202711890,Hanis,Lim,hanis.lim1890@university.edu.my,0196587417,Computer Science,2025-01-10,Active,Cloud Computing,IT3301,4,B-,79,Semester 2,2025
STU202711891,Aiman,Chong,aiman.chong1891@university.edu.my,0149027230,Software Engineering,2025-01-10,Active,Software Engineering,SE2201,3,B,85,Semester 1,2026
STU202711892,Hafiz,Hassan,hafiz.hassan1892@university.edu.my,0124152613,Business Information Systems,2025-01-10,Active,Machine Learning,CS4501,4,A-,93,Semester 1,2026
STU202711893,Aisyah,Hashim,aisyah.hashim1893@university.edu.my,0157349668,Business Information Systems,2025-01-10,Active,Artificial Intelligence,CS3501,4,C+,77,Semester 1,2026
STU202711894,Aiman,Yusof,aiman.yusof1894@university.edu.my,0172889290,Computer Science,2025-01-10,Active,Data Structures,CS2102,3,B+,86,Semester 1,2026
STU202711895,Hafiz,Hashim,hafiz.hashim1895@university.edu.my,0112406645,Software Engineering,2025-01-10,Active,Machine Learning,CS4501,3,B,84,Semester 1,2026
STU202711896,Nurul,Mahmud,nurul.mahmud1896@university.edu.my,0121213401,Software Engineering,2025-01-10,Active,Web Development,IT2202,4,A-,90,Semester 2,2026
STU202711897,Nurul,Hashim,nurul.hashim1897@university.edu.my,0184836262,Cyber Security,2025-01-10,Graduated,Database Systems,CS2201,3,B+,87,Semester 2,2025
STU202711898,Siti,Chong,siti.chong1898@university.edu.my,0174732040,Software Engineering,2025-01-10,Active,Cloud Computing,IT3301,3,B-,79,Semester 1,2026
STU202711899,Jason,Mahmud,jason.mahmud1899@university.edu.my,0136341482,Computer Science,2025-01-10,Active,Digital Forensics,CS4401,4,B+,86,Semester 2,2025
STU202711900,Amir,Lee,amir.lee1900@university.edu.my,0177548947,Business Information Systems,2025-01-10,Graduated,Cloud Computing,IT3301,4,B+,88,Semester 1,2025
STU202711901,Ahmad,Hashim,ahmad.hashim1901@university.edu.my,0111672671,Information Technology,2025-01-10,Active,Cloud Computing,IT3301,3,A-,90,Semester 2,2025
STU202711902,Aisyah,Osman,aisyah.osman1902@university.edu.my,0112560374,Computer Science,2025-01-10,Active,Machine Learning,CS4501,3,B-,82,Semester 2,2025
STU202711903,Alicia,Hamid,alicia.hamid1903@university.edu.my,0108169590,Cyber Security,2025-01-10,Active,Software Engineering,SE2201,3,B+,88,Semester 2,2026
STU202711904,Melissa,Zulkifli,melissa.zulkifli1904@university.edu.my,0139679961,Business Information Systems,2025-01-10,Active,Digital Forensics,CS4401,3,C+,75,Semester 1,2026
STU202711905,Faizal,Hassan,faizal.hassan1905@university.edu.my,0189359468,Cyber Security,2025-01-10,Active,Digital Forensics,CS4401,3,C+,75,Semester 2,2025
STU202711906,Siti,Osman,siti.osman1906@university.edu.my,0187977180,Computer Science,2025-01-10,Active,Software Engineering,SE2201,4,C+,74,Semester 2,2025
STU202711907,Hafiz,Ali,hafiz.ali1907@university.edu.my,0175236803,Software Engineering,2025-01-10,Active,Cloud Computing,IT3301,4,C+,75,Semester 1,2025
STU202711908,Melissa,Latif,melissa.latif1908@university.edu.my,0116585409,Information Technology,2025-01-10,Active,Software Engineering,SE2201,4,C+,74,Semester 1,2025
STU202711909,Aiman,Latif,aiman.latif1909@university.edu.my,0174202134,Software Engineering,2025-01-10,Active,Cloud Computing,IT3301,4,A-,91,Semester 2,2026
STU202711910,Sarah,Saleh,sarah.saleh1910@university.edu.my,0153597215,Business Information Systems,2025-01-10,Active,Web Development,IT2202,4,B,85,Semester 1,2026
STU202711911,Melissa,Saleh,melissa.saleh1911@university.edu.my,0192938580,Computer Science,2025-01-10,Graduated,Web Development,IT2202,4,B+,90,Semester 2,2026
STU202711912,Hanis,Osman,hanis.osman1912@university.edu.my,0178802978,Cyber Security,2025-01-10,Active,Digital Forensics,CS4401,4,B,83,Semester 2,2025
STU202711913,Farid,Zulkifli,farid.zulkifli1913@university.edu.my,0158841806,Cyber Security,2025-01-10,Active,Web Development,IT2202,3,A-,92,Semester 2,2025
STU202711914,Aisyah,Karim,aisyah.karim1914@university.edu.my,0117589746,Software Engineering,2025-01-10,Active,Database Systems,CS2201,3,A,95,Semester 1,2025
STU202711915,Melissa,Hashim,melissa.hashim1915@university.edu.my,0181567725,Information Technology,2025-01-10,Active,Network Security,CS3301,3,B-,80,Semester 1,2025
STU202711916,Kevin,Hamid,kevin.hamid1916@university.edu.my,0161802047,Information Technology,2025-01-10,Active,Machine Learning,CS4501,3,A-,91,Semester 1,2025
STU202711917,Kevin,Jaafar,kevin.jaafar1917@university.edu.my,0143204183,Cyber Security,2025-01-10,Active,Computer Networks,IT2301,4,A-,93,Semester 1,2025
STU202711918,Siti,Saleh,siti.saleh1918@university.edu.my,0131987090,Information Technology,2025-01-10,Graduated,Digital Forensics,CS4401,4,B,86,Semester 2,2026
STU202711919,Farhana,Mahmud,farhana.mahmud1919@university.edu.my,0132584093,Computer Science,2025-01-10,Active,Cloud Computing,IT3301,3,B+,87,Semester 2,2025
STU202711920,Aisyah,Chong,aisyah.chong1920@university.edu.my,0188911567,Business Information Systems,2025-01-10,Active,Cloud Computing,IT3301,4,B-,78,Semester 1,2025
STU202711921,Kevin,Hamid,kevin.hamid1921@university.edu.my,0166460977,Cyber Security,2025-01-10,Active,Artificial Intelligence,CS3501,4,B+,88,Semester 2,2026
STU202711922,Daniel,Saleh,daniel.saleh1922@university.edu.my,0198983651,Business Information Systems,2025-01-10,Graduated,Digital Forensics,CS4401,4,A,97,Semester 1,2025
STU202711923,Aiman,Lim,aiman.lim1923@university.edu.my,0102028524,Cyber Security,2025-01-10,Graduated,Machine Learning,CS4501,4,C+,78,Semester 2,2025
STU202711924,Farid,Zulkifli,farid.zulkifli1924@university.edu.my,0192115370,Cyber Security,2025-01-10,Active,Software Engineering,SE2201,3,B+,90,Semester 1,2026
STU202711925,Ahmad,Hashim,ahmad.hashim1925@university.edu.my,0114116350,Computer Science,2025-01-10,Active,Data Structures,CS2102,4,A-,90,Semester 2,2025
STU202711926,Siti,Latif,siti.latif1926@university.edu.my,0154209151,Computer Science,2025-01-10,Active,Digital Forensics,CS4401,4,B+,88,Semester 2,2025
STU202711927,Alicia,Hamid,alicia.hamid1927@university.edu.my,0178141501,Cyber Security,2025-01-10,Active,Network Security,CS3301,3,B+,87,Semester 2,2026
STU202711928,Nurin,Latif,nurin.latif1928@university.edu.my,0133678960,Cyber Security,2025-01-10,Active,Cloud Computing,IT3301,4,B,85,Semester 1,2025
STU202711929,Nurin,Wong,nurin.wong1929@university.edu.my,0194218550,Cyber Security,2025-01-10,Active,Data Structures,CS2102,3,B-,82,Semester 2,2025
STU202711930,Sarah,Yusof,sarah.yusof1930@university.edu.my,0128585993,Software Engineering,2025-01-10,Active,Computer Networks,IT2301,4,B+,88,Semester 1,2026
STU202711931,Alicia,Osman,alicia.osman1931@university.edu.my,0163660934,Software Engineering,2025-01-10,Active,Cloud Computing,IT3301,4,A-,91,Semester 1,2025
STU202711932,Adam,Chong,adam.chong1932@university.edu.my,0197477090,Cyber Security,2025-01-10,Active,Data Structures,CS2102,3,B-,78,Semester 2,2025
STU202711933,Melissa,Lim,melissa.lim1933@university.edu.my,0129126151,Information Technology,2025-01-10,Active,Digital Forensics,CS4401,4,B+,88,Semester 1,2025
STU202711934,Hanis,Hashim,hanis.hashim1934@university.edu.my,0131966115,Business Information Systems,2025-01-10,Graduated,Network Security,CS3301,4,C+,77,Semester 1,2025
STU202711935,Ahmad,Yusof,ahmad.yusof1935@university.edu.my,0108764484,Information Technology,2025-01-10,Active,Artificial Intelligence,CS3501,4,B+,89,Semester 2,2025
STU202711936,Alicia,Mahmud,alicia.mahmud1936@university.edu.my,0141070026,Computer Science,2025-01-10,Active,Data Structures,CS2102,4,C+,74,Semester 1,2026
STU202711937,Kevin,Mahmud,kevin.mahmud1937@university.edu.my,0104873313,Information Technology,2025-01-10,Active,Machine Learning,CS4501,4,B+,90,Semester 2,2026
STU202711938,Nurin,Rahman,nurin.rahman1938@university.edu.my,0159233050,Business Information Systems,2025-01-10,Graduated,Data Structures,CS2102,3,B+,90,Semester 1,2025
STU202711939,Kevin,Wong,kevin.wong1939@university.edu.my,0114114033,Software Engineering,2025-01-10,Active,Cloud Computing,IT3301,4,B+,89,Semester 1,2026
STU202711940,Nurul,Rahman,nurul.rahman1940@university.edu.my,0165203472,Software Engineering,2025-01-10,Active,Software Engineering,SE2201,4,A,97,Semester 1,2026
STU202711941,Siti,Tan,siti.tan1941@university.edu.my,0162466983,Business Information Systems,2025-01-10,Graduated,Cloud Computing,IT3301,4,B+,89,Semester 1,2025
STU202711942,Farid,Chong,farid.chong1942@university.edu.my,0151114878,Business Information Systems,2025-01-10,Graduated,Web Development,IT2202,4,B,85,Semester 1,2026
STU202711943,Aisyah,Zulkifli,aisyah.zulkifli1943@university.edu.my,0126179545,Information Technology,2025-01-10,Active,Digital Forensics,CS4401,3,A-,89,Semester 1,2025
STU202711944,Alicia,Hassan,alicia.hassan1944@university.edu.my,0175782302,Software Engineering,2025-01-10,Active,Cloud Computing,IT3301,4,C+,74,Semester 2,2026
STU202711945,Alicia,Latif,alicia.latif1945@university.edu.my,0174228556,Cyber Security,2025-01-10,Active,Digital Forensics,CS4401,3,A,96,Semester 1,2025
STU202711946,Daniel,Yusof,daniel.yusof1946@university.edu.my,0117108599,Business Information Systems,2025-01-10,Graduated,Computer Networks,IT2301,3,B-,79,Semester 1,2025
STU202711947,Hafiz,Chong,hafiz.chong1947@university.edu.my,0193304417,Computer Science,2025-01-10,Active,Data Structures,CS2102,4,B-,78,Semester 1,2026
STU202711948,Sarah,Zulkifli,sarah.zulkifli1948@university.edu.my,0186315460,Software Engineering,2025-01-10,Active,Software Engineering,SE2201,4,A-,93,Semester 2,2026
STU202711949,Daniel,Wong,daniel.wong1949@university.edu.my,0113327744,Information Technology,2025-01-10,Graduated,Web Development,IT2202,4,B,86,Semester 2,2025
STU202711950,Melissa,Jaafar,melissa.jaafar1950@university.edu.my,0138157617,Computer Science,2025-01-10,Active,Computer Networks,IT2301,3,B-,79,Semester 2,2025
STU202711951,Farid,Rahman,farid.rahman1951@university.edu.my,0195391258,Information Technology,2025-01-10,Active,Web Development,IT2202,4,C+,77,Semester 1,2025
STU202711952,Siti,Teoh,siti.teoh1952@university.edu.my,0133390676,Business Information Systems,2025-01-10,Active,Artificial Intelligence,CS3501,3,A-,89,Semester 1,2025
STU202711953,Nurul,Hassan,nurul.hassan1953@university.edu.my,0121608271,Information Technology,2025-01-10,Active,Data Structures,CS2102,4,C+,76,Semester 2,2026
STU202711954,Ahmad,Latif,ahmad.latif1954@university.edu.my,0189739894,Cyber Security,2025-01-10,Graduated,Network Security,CS3301,4,C+,74,Semester 1,2025
STU202711955,Jason,Teoh,jason.teoh1955@university.edu.my,0169652437,Information Technology,2025-01-10,Active,Database Systems,CS2201,4,A,97,Semester 2,2025
STU202711956,Alicia,Chong,alicia.chong1956@university.edu.my,0151850800,Computer Science,2025-01-10,Active,Machine Learning,CS4501,4,B+,86,Semester 1,2026
STU202711957,Nurul,Teoh,nurul.teoh1957@university.edu.my,0154419701,Business Information Systems,2025-01-10,Active,Cloud Computing,IT3301,3,B+,89,Semester 2,2025
STU202711958,Adam,Hamid,adam.hamid1958@university.edu.my,0161745183,Business Information Systems,2025-01-10,Active,Artificial Intelligence,CS3501,3,B+,90,Semester 2,2026
STU202711959,Nadia,Karim,nadia.karim1959@university.edu.my,0135210504,Computer Science,2025-01-10,Graduated,Data Structures,CS2102,4,C+,74,Semester 2,2026
STU202711960,Jason,Hashim,jason.hashim1960@university.edu.my,0131376718,Software Engineering,2025-01-10,Active,Software Engineering,SE2201,4,A,93,Semester 1,2025
STU202711961,Adam,Osman,adam.osman1961@university.edu.my,0115716461,Business Information Systems,2025-01-10,Active,Data Structures,CS2102,3,B-,79,Semester 1,2026
STU202711962,Ahmad,Lee,ahmad.lee1962@university.edu.my,0112754982,Business Information Systems,2025-01-10,Active,Software Engineering,SE2201,4,A,97,Semester 1,2025
STU202711963,Ahmad,Lee,ahmad.lee1963@university.edu.my,0152450343,Information Technology,2025-01-10,Active,Cloud Computing,IT3301,4,B+,88,Semester 2,2025
STU202711964,Sarah,Yusof,sarah.yusof1964@university.edu.my,0197751753,Information Technology,2025-01-10,Active,Web Development,IT2202,3,B,82,Semester 1,2026
STU202711965,Nurul,Hassan,nurul.hassan1965@university.edu.my,0154140605,Cyber Security,2025-01-10,Active,Web Development,IT2202,4,B+,90,Semester 2,2025
STU202711966,Daniel,Hassan,daniel.hassan1966@university.edu.my,0181843666,Computer Science,2025-01-10,Active,Cloud Computing,IT3301,4,A-,90,Semester 2,2025
STU202711967,Siti,Lee,siti.lee1967@university.edu.my,0126955109,Information Technology,2025-01-10,Graduated,Artificial Intelligence,CS3501,4,C+,74,Semester 1,2025
STU202711968,Farid,Hassan,farid.hassan1968@university.edu.my,0158167236,Information Technology,2025-01-10,Active,Computer Networks,IT2301,3,B,82,Semester 2,2026
STU202711969,Farhana,Yusof,farhana.yusof1969@university.edu.my,0108239130,Cyber Security,2025-01-10,Active,Data Structures,CS2102,3,B-,80,Semester 2,2025
STU202711970,Hafiz,Chong,hafiz.chong1970@university.edu.my,0151496359,Information Technology,2025-01-10,Active,Artificial Intelligence,CS3501,3,A-,93,Semester 2,2026
STU202711971,Farid,Latif,farid.latif1971@university.edu.my,0186842054,Information Technology,2025-01-10,Graduated,Software Engineering,SE2201,3,A,96,Semester 2,2025
STU202711972,Farhana,Jaafar,farhana.jaafar1972@university.edu.my,0139231964,Cyber Security,2025-01-10,Active,Artificial Intelligence,CS3501,4,B,84,Semester 1,2026
STU202711973,Amir,Saleh,amir.saleh1973@university.edu.my,0197355417,Business Information Systems,2025-01-10,Active,Software Engineering,SE2201,4,A-,92,Semester 2,2026
STU202711974,Melissa,Lee,melissa.lee1974@university.edu.my,0134342192,Information Technology,2025-01-10,Active,Software Engineering,SE2201,4,B,85,Semester 2,2026
STU202711975,Amir,Zulkifli,amir.zulkifli1975@university.edu.my,0115701897,Business Information Systems,2025-01-10,Active,Artificial Intelligence,CS3501,4,A,94,Semester 1,2025
STU202711976,Farid,Jaafar,farid.jaafar1976@university.edu.my,0167005501,Cyber Security,2025-01-10,Active,Cloud Computing,IT3301,3,A-,90,Semester 1,2026
STU202711977,Melissa,Osman,melissa.osman1977@university.edu.my,0133807962,Information Technology,2025-01-10,Active,Machine Learning,CS4501,4,B-,81,Semester 2,2026
STU202711978,Farid,Latif,farid.latif1978@university.edu.my,0181296611,Information Technology,2025-01-10,Active,Cloud Computing,IT3301,4,B-,80,Semester 2,2025
STU202711979,Kevin,Lee,kevin.lee1979@university.edu.my,0103432839,Information Technology,2025-01-10,Active,Database Systems,CS2201,3,B+,88,Semester 1,2026
STU202711980,Faizal,Chong,faizal.chong1980@university.edu.my,0181947185,Information Technology,2025-01-10,Active,Software Engineering,SE2201,3,B-,79,Semester 2,2026
STU202711981,Melissa,Chong,melissa.chong1981@university.edu.my,0161916822,Business Information Systems,2025-01-10,Active,Software Engineering,SE2201,3,B+,90,Semester 1,2026
STU202711982,Faizal,Hamid,faizal.hamid1982@university.edu.my,0172338746,Business Information Systems,2025-01-10,Active,Software Engineering,SE2201,3,B+,88,Semester 1,2025
STU202711983,Ahmad,Teoh,ahmad.teoh1983@university.edu.my,0178863078,Computer Science,2025-01-10,Active,Data Structures,CS2102,4,A-,90,Semester 2,2026
STU202711984,Nurin,Tan,nurin.tan1984@university.edu.my,0142337069,Software Engineering,2025-01-10,Active,Network Security,CS3301,4,A-,93,Semester 2,2025
STU202711985,Melissa,Osman,melissa.osman1985@university.edu.my,0196574914,Information Technology,2025-01-10,Active,Database Systems,CS2201,3,B,86,Semester 1,2025
STU202711986,Faizal,Saleh,faizal.saleh1986@university.edu.my,0144184805,Software Engineering,2025-01-10,Active,Computer Networks,IT2301,3,B,83,Semester 1,2026
STU202711987,Kevin,Karim,kevin.karim1987@university.edu.my,0116365561,Cyber Security,2025-01-10,Active,Computer Networks,IT2301,3,A-,89,Semester 2,2025
STU202711988,Nurin,Hashim,nurin.hashim1988@university.edu.my,0187369215,Cyber Security,2025-01-10,Active,Software Engineering,SE2201,3,A-,93,Semester 2,2026
STU202711989,Amir,Hassan,amir.hassan1989@university.edu.my,0174030342,Cyber Security,2025-01-10,Active,Network Security,CS3301,4,B-,79,Semester 1,2026
STU202711990,Adam,Osman,adam.osman1990@university.edu.my,0112675977,Information Technology,2025-01-10,Active,Software Engineering,SE2201,3,A-,90,Semester 2,2025
STU202711991,Daniel,Hassan,daniel.hassan1991@university.edu.my,0141778354,Business Information Systems,2025-01-10,Active,Cloud Computing,IT3301,3,B,84,Semester 1,2025
STU202711992,Melissa,Zulkifli,melissa.zulkifli1992@university.edu.my,0133548352,Software Engineering,2025-01-10,Active,Machine Learning,CS4501,3,B+,88,Semester 2,2025
STU202711993,Ahmad,Osman,ahmad.osman1993@university.edu.my,0138505580,Computer Science,2025-01-10,Active,Cloud Computing,IT3301,4,B,85,Semester 2,2026
STU202711994,Alicia,Mahmud,alicia.mahmud1994@university.edu.my,0157491175,Computer Science,2025-01-10,Active,Web Development,IT2202,3,B-,78,Semester 1,2026
STU202711995,Nurin,Mahmud,nurin.mahmud1995@university.edu.my,0153729901,Software Engineering,2025-01-10,Graduated,Web Development,IT2202,4,A-,90,Semester 1,2025
STU202711996,Ahmad,Hamid,ahmad.hamid1996@university.edu.my,0124128406,Business Information Systems,2025-01-10,Graduated,Network Security,CS3301,4,B-,81,Semester 2,2025
STU202711997,Faizal,Osman,faizal.osman1997@university.edu.my,0145211931,Information Technology,2025-01-10,Graduated,Machine Learning,CS4501,4,A-,91,Semester 2,2026
STU202711998,Aisyah,Osman,aisyah.osman1998@university.edu.my,0118727773,Software Engineering,2025-01-10,Active,Network Security,CS3301,4,C+,77,Semester 2,2026
STU202711999,Ahmad,Hashim,ahmad.hashim1999@university.edu.my,0151092430,Software Engineering,2025-01-10,Active,Database Systems,CS2201,4,A-,89,Semester 1,2025
